"index,Country Code",Country Name,2014,2013,2012,2011,2010,2009,2008,2007,2006,2005,2004,2003,2002,2001,2000,1999,1998,1997,1996,1995,1994,1993,1992,1991,1990,1989,1988,1987,1986,1985,1984,1983,1982,1981,1980,1979,1978,1977,1976,1975,1974,1973,1972,1971,1970,1969,1968,1967,1966,1965,1964,1963,1962,1961,1960,1959,1958,1957,1956,1955,1954,1953,1952,1951,1950,1949,1948,1947,1946,1945,1944,1943,1942,1941,1940,1939,1938,1937,1936,1935,1934,1933,1932,1931,1930,1929,1928,1927,1926,1925,1924,1923,1922,1921,1920,1919,1918,1917,1916,1915,1914,1913,1912,1911,1910,1909,1908,1907,1906,1905,1904,1903,1902,1901,1900
"0,AFG",AFGHANISTAN,721.0,155.0,378.0,83.0,350.0,101.0,1334.0,296.0,382.0,582.0,18.0,137.0,4083.0,485.0,594.0,205.0,7308.0,175.0,70.0,381.0,160.0,225.0,614.0,1427.0,144.0,,0.0,70.0,,,1.0,12.0,500.0,,0.0,,120.0,,101.0,,,,150.0,100.0,,0.0,,,,,,107.0,,,,,,,151.0,,2000.0,,,,,,,,,,,,,,,,,,,,,,,,,,,,,,,,,,,,,,,,,,,,,,,,,,,,,,
"1,ALB",ALBANIA,,,5.0,,0.0,0.0,,0.0,,5.0,3.0,,7.0,,,,0.0,0.0,7.0,4.0,,,11.0,,,0.0,0.0,,,125.0,,,1.0,,,35.0,,,,,,,,,,,,11.0,,,,,,,,,,,,,,,,,,,,,,,,,,,,,,,,,,,,,,,,,,,,,,,,,,,,,,,,,,,,,,,,,,,
"2,DZA",ALGERIA,,,69.0,10.0,2.0,48.0,93.0,90.0,5.0,34.0,22.0,2369.0,48.0,921.0,48.0,34.0,,5.0,4.0,,233.0,37.0,21.0,0.0,,22.0,0.0,1.0,,56.0,54.0,,37.0,43.0,2635.0,0.0,,,,,11.0,21.0,,,,76.0,,20.0,57.0,2.0,,0.0,,,57.0,,,,,,1250.0,,25.0,,,,,,276.0,,,,,,,,,,,,,,,,,,,3000.0,,,,,,,,,,,,,,,,,12.0,,,,,,,,,,
"3,ASM",AMERICAN SAMOA,,,,,,34.0,,,,0.0,0.0,6.0,,,,,,,,,,,,,,0.0,,,,0.0,,,,,,,,,,,,,,,,,,,90.0,,,,,,,,,,,,,,,,,,,,,,,,,,,,,,,,,,,,,,,,,,,,,,,,,,,,,,,,,,,,,,,,,,
"4,AGO",ANGOLA,,9.0,0.0,130.0,25.0,178.0,370.0,620.0,2422.0,0.0,357.0,15.0,8.0,154.0,77.0,188.0,115.0,0.0,,0.0,,,,,,766.0,,59.0,,0.0,,,,0.0,,,,,,,,,,,,,,,,,,,,,,,,,,,,,,,,,,,,,,,,,,,,,,,,,,,,,,,,,,,,,,,,,,,,,,,,,,,,,,,,,
"5,AIA",ANGUILLA,,,,,,,,,,,,,,,,0.0,,,,,,,,,,,,,,,0.0,0.0,,,,0.0,,,,,,,,,,,,,,,,,,,5.0,,,,,0.0,,,,,,,,,,,,,,,,,,,,,,,,,,,,,,,,0.0,0.0,0.0,0.0,0.0,,,,,,,,,,,,,,,,,,,
"6,ATG",ANTIGUA AND BARBUDA,,,,,0.0,,0.0,,,,,,,,,2.0,2.0,,,2.0,,,,,0.0,2.0,,,,,,0.0,,,,,,,,,,,,,,,,,0.0,,,,,,2.0,,,,,,,,,,2.0,,,,,,,,,,,,,,,,,,,,,,,,,,,,,,,,,,,,,,,,,,,,,,,,,,
"7,ARG",ARGENTINA,24.0,56.0,25.0,0.0,42.0,29.0,0.0,19.0,0.0,11.0,10.0,39.0,11.0,35.0,37.0,0.0,19.0,0.0,,6.0,24.0,15.0,112.0,0.0,21.0,,25.0,1.0,4.0,43.0,30.0,0.0,0.0,,41.0,0.0,5.0,70.0,,20.0,100.0,60.0,100.0,,36.0,,,56.0,62.0,45.0,,,,,,,360.0,,,,,,,,,0.0,,,,,10000.0,,,,,,,,,,,,,,,,,,,,,,,,,,,,,,,,,,,,,,,,,,,,
"8,ARM",ARMENIA,,0.0,,,,,,,,,1.0,,,,0.0,,0.0,4.0,,,,,,,,,,,,,,,,,,,,,,,,,,,,,,,,,,,,,,,,,,,,,,,,,,,,,,,,,,,,,,,,,,,,,,,,,,,,,,,,,,,,,,,,,,,,,,,,,
"9,AUS",AUSTRALIA,2.0,9.0,4.0,1.0,36.0,535.0,8.0,11.0,4.0,20.0,6.0,6.0,2.0,6.0,1.0,8.0,20.0,21.0,21.0,9.0,36.0,18.0,2.0,0.0,12.0,25.0,17.0,,15.0,38.0,36.0,75.0,1.0,2.0,0.0,15.0,12.0,3.0,0.0,0.0,90.0,12.0,,30.0,13.0,,12.0,662.0,,,,,,,,,,,,70.0,,,,,,,,,,,49.0,,,,,71.0,,,,,,,,,,,,,,,,,,,,,,,,,,,,,,,,,,,,,,,
"10,AUT",AUSTRIA,,4.0,5.0,,,3.0,4.0,5.0,0.0,4.0,,345.0,12.0,,13.0,53.0,0.0,3.0,0.0,2.0,0.0,0.0,,5.0,3.0,,,,,12.0,42.0,0.0,12.0,0.0,0.0,,,,0.0,15.0,,,,,,,,,,,,,,,,,,,,,210.0,,28.0,,,,,,,,,,,,,,,,,,,,,,,,,,,,,,,,,,,,,,,,,,,,,,,,,,,,
"11,AZE",AZERBAIJAN,,,5.0,,3.0,0.0,,,,,,0.0,,,42.0,1.0,1.0,11.0,,5.0,,,,,,,,,,,,,,,,,,,,,,,,,,,,,,,,,,,,,,,,,,,,,,,,,,,,,,,,,,,,,,,,,,,,,,,,,,,,,,,,,,,,,,,,,,,,,,,
"12,BHS",BAHAMAS,,0.0,1.0,0.0,,,0.0,1.0,,1.0,12.0,,,0.0,,1.0,,,,0.0,,,4.0,,0.0,,0.0,,,,,,,,,,,,,,,,,,,,,,5.0,0.0,,0.0,,,,,,,,,,,,,,,,,,22.0,,,,,,,,,,14.0,,,,,,0.0,,,0.0,,,,,,,,,,,,,,,,,,,,,,,,,,
"13,BHR",BAHRAIN,,,,,,,,,,,,,,,,,,,,,,,,,,,,,,,,,,,,,111.0,,,,,,,,,,,,,,,,,,,,,,,,,,,,,,,,,,,,,,,,,,,,,,,,,,,,,,,,,,,,,,,,,,,,,,,,,,,,,,
"14,BGD",BANGLADESH,16.0,50.0,344.0,102.0,107.0,348.0,68.0,5721.0,154.0,332.0,1034.0,529.0,928.0,253.0,222.0,330.0,1642.0,624.0,901.0,2014.0,350.0,684.0,240.0,142134.0,1041.0,1186.0,3506.0,3042.0,379.0,16055.0,2150.0,1430.0,2696.0,1085.0,666.0,71.0,1176.0,907.0,215.0,,31500.0,2327.0,250.0,163.0,300317.0,849.0,339.0,91.0,889.0,48921.0,300.0,22109.0,,11266.0,18149.0,,500.0,,,,,,,200.0,,,,500.0,,,,1900000.0,61000.0,5000.0,,,,0.0,,,,,,,,,,,0.0,,,6.0,0.0,,,0.0,393000.0,,,,,,,0.0,,172.0,,,,,0.0,,,,
"15,BRB",BARBADOS,,,,,0.0,,,0.0,,,1.0,,0.0,,,,,,,0.0,,,,,,,,0.0,,,0.0,,,,0.0,,,,,,,,,,3.0,,,,,,,,,,,,,,,57.0,,,,,,,,,,,,,,,,,,,,,,,,,,,,,,,,,,,,,,,,,,,,,,,,,,,,,,,
"16,BLR",BELARUS,2.0,4.0,0.0,,,,,0.0,5.0,,,,,,0.0,2.0,,5.0,0.0,13.0,,0.0,,,,,,,,,,,,,,,,,,,,,,,,,,,,,,,,,,,,,,,,,,,,,,,,,,,,,,,,,,,,,,,,,,,,,,,,,,,,,,,,,,,,,,,,,,,,,
"17,BEL",BELGIUM,,0.0,3.0,5.0,4.0,1.0,0.0,2.0,940.0,2.0,,1175.0,7.0,,,2.0,1.0,,,6.0,0.0,0.0,0.0,,16.0,,,0.0,,0.0,0.0,2.0,0.0,,,,,,0.0,,,,0.0,0.0,,,,0.0,0.0,,,12.0,,,,,,,4.0,,,11.0,,,,,,,,0.0,,,,,,,,,,,,,,,60.0,,0.0,,0.0,,,,,,,,,,,,,,,,,,,,6.0,,,,,,
"18,BLZ",BELIZE,,,,,0.0,,8.0,0.0,,3.0,,,,30.0,14.0,,9.0,,,0.0,,,,,0.0,,,,,,,,,,,0.0,5.0,,,,0.0,,,,,,,,,,,,,275.0,,,,,,16.0,,,,,,,,,,,,,,,,,,,,,,,,1500.0,,,,,,,,,,,,,,,,,,,,,,,,,,,,,,,
"19,BEN",BENIN,,7.0,4.0,0.0,71.0,10.0,48.0,10.0,,4.0,,3.0,50.0,378.0,351.0,12.0,78.0,47.0,76.0,20.0,0.0,,,3.0,,228.0,0.0,65.0,,61.0,0.0,0.0,0.0,,,,2.0,,1.0,,,,0.0,,0.0,,,,,,,,,,,,,,,,,,,,,,,,,,,,,,,,,,,,,,,,,,,,,,,,,,,,,,,,,,,,,,,,,,,,,,
"20,BMU",BERMUDA,,,,,,,,,,,,4.0,,,,,,,,,,,,,,0.0,,0.0,0.0,0.0,,,,,,,,,,,,,,,,,,,,,,,,,,,,,,,,,,,,,0.0,,,,,,,,,,,,,,,,,,,,,,,,,,,,,,,,,,,,,,,,,,,,,,,,
"21,BTN",BHUTAN,,,,1.0,,23.0,,,,,0.0,,,,200.0,0.0,,,,,39.0,,0.0,,,,,,,41.0,,,,,,,,,,,,,,,,,,,,,,,,,,,,,,,,,,,,,,,,,,,,,,,,,,,,,,,,,,,,,,,,,,,,,,,,,,,,,,,,,,,,,
"22,BOL",BOLIVIA,,136.0,13.0,52.0,59.0,0.0,27.0,116.0,25.0,0.0,0.0,143.0,96.0,50.0,36.0,36.0,160.0,74.0,40.0,,5.0,,53.0,329.0,0.0,67.0,0.0,25.0,29.0,0.0,0.0,250.0,20.0,,0.0,,40.0,10.0,,,31.0,,,,,18.0,24.0,,14.0,40.0,,,,,,,,,,,,,,,,,,,,,,,,,,,,,,,,,,,,,,,,,,,,,,,,,,,,,,,,,,,,,,,,,
"23,BIH",BOSNIA-HERCEGOVENIA,,,4.0,,5.0,1.0,,0.0,,4.0,0.0,0.0,,0.0,6.0,0.0,,,,,,,,,,,,,,,,,,,,,,,,,,,,,,,,,,,,,,,,,,,,,,,,,,,,,,,,,,,,,,,,,,,,,,,,,,,,,,,,,,,,,,,,,,,,,,,,,,,
"24,BWA",BOTSWANA,,12.0,,0.0,,0.0,2.0,,470.0,0.0,0.0,,,,3.0,,,,,20.0,,,0.0,,,,191.0,,0.0,,,,0.0,,,,,,,,,,0.0,,0.0,,0.0,,,0.0,,,,,,,,,,,,,,,,,,,,,,,,,,,,,,,,,,,,,,,,,,,,,,,,,,,,,,,,,,,,,,,,,
"25,BRA",BRAZIL,24.0,121.0,0.0,978.0,395.0,203.0,326.0,70.0,20.0,49.0,39.0,255.0,161.0,98.0,115.0,35.0,27.0,93.0,186.0,240.0,0.0,,137.0,240.0,24.0,303.0,732.0,107.0,29.0,123.0,573.0,176.0,33.0,97.0,82.0,300.0,26.0,72.0,,244.0,1826.0,20.0,,239.0,172.0,316.0,113.0,1256.0,946.0,22.0,100.0,,,,,159.0,,112.0,66.0,,,,,,,100.0,200.0,,,,,,,,,,,,,,,,,,,,,,,,,,,,,,,,,,,,,,,,,,,,,,,,
"26,BRN",BRUNEI DARUSSALAM,,,,,,,,,,,,,,,,,0.0,,,,,,,,,,,,,,,,,,,,,,,,,,,,,,,,,,,,,,,,,,,,,,,,,,,,,,,,,,,,,,,,,,,,,,,,,,,,,,,,,,,,,,,,,,,,,,,,,,
"27,BGR",BULGARIA,0.0,,38.0,,3.0,,10.0,17.0,18.0,39.0,,,1.0,2.0,14.0,0.0,3.0,0.0,,,,0.0,,,1.0,,,,3.0,,,0.0,,0.0,,,,20.0,,,,,,,,,,,,11.0,,,,,,,,,,,,,,,,,,,,,,,,,,,,,,,,,,,,,107.0,,,,,,,,,,,,,,,,,,,,,,,,,,,,
"28,BFA",BURKINA FASO,,2.0,18.0,0.0,857.0,398.0,556.0,1542.0,784.0,9.0,527.0,1058.0,,2978.0,,6.0,26.0,2274.0,4135.0,0.0,22.0,,,37.0,0.0,,16.0,0.0,0.0,0.0,0.0,237.0,,1091.0,0.0,241.0,,0.0,,,,,,,,434.0,,,0.0,,,,,,,,,,,,,,,,,,,,,,,,,,0.0,,,,,,,,,,,,,,,,,,,,,,,,,,,,,,0.0,,,,,,,,,,
"29,BDI",BURUNDI,96.0,,,24.0,9.0,0.0,9.0,5.0,22.0,120.0,3.0,6.0,87.0,,308.0,86.0,,21.0,,,,,220.0,,,12.0,,,,,,,,,,,54.0,,,,,,,,,,,,,,,,,,,,,,,,,,,,,,,,,,,,,,,,,,,,,,,,,,,,,,,,,,,,,,,,,,,,,,,,,,,,,,
"30,KHM",CAMBODIA,,200.0,14.0,247.0,8.0,19.0,,184.0,5.0,23.0,0.0,,29.0,56.0,347.0,63.0,490.0,28.0,59.0,,506.0,,50.0,100.0,,,,0.0,,,,,,,,,,,,,,,,,,,,,,,,,,,,,,,,,,,,,,,,,,,,,,,,,,,,,,,,,,,,,,,,,,,,,,,,,,,,,,,,,,,,,,,
"31,CMR",CAMEROON,,0.0,25.0,639.0,528.0,109.0,9.0,8.0,8.0,44.0,46.0,20.0,,61.0,25.0,38.0,239.0,109.0,378.0,,6.0,513.0,731.0,310.0,118.0,100.0,41.0,0.0,1746.0,,37.0,,,,,,,,,,,,,0.0,,,,,,,,,,,,,,,,,,,,,,,,,,,,,,,,,,,,,,,,,,,,,,,,,,,,,,,,,,,,,,,,,,,,,,,
"32,CAN",CANADA,0.0,14.0,0.0,8.0,0.0,2.0,0.0,6.0,1.0,4.0,0.0,50.0,2.0,12.0,11.0,7.0,31.0,5.0,10.0,2.0,0.0,0.0,17.0,18.0,8.0,1.0,2.0,27.0,0.0,12.0,0.0,0.0,0.0,0.0,0.0,0.0,,0.0,0.0,14.0,0.0,,,31.0,10.0,,,,0.0,26.0,,,33.0,0.0,,6.0,,,,3.0,83.0,481.0,,,1.0,,,,17.0,,,,,,,,,,500.0,,,,,0.0,,,27.0,,,,,,43.0,,,,50000.0,,,56.0,,,28.0,73.0,62.0,,33.0,,,18.0,,76.0,,,
"33,CPV",CAPE VERDE IS,,,,,,9.0,,,,,0.0,,0.0,,,,0.0,,,0.0,245.0,,0.0,,,,0.0,,,,29.0,,3.0,,,,,,,,,,0.0,,,,,,,,,,,,,,,,,,,,,,,,,,30000.0,,,,,,20000.0,,,,,,,,,,,,,,,,,,,,24000.0,,,,,,,,,,0.0,,,,,,,,,,11000.0
"34,CYM",CAYMAN ISLANDS,,,,,,,0.0,,,,2.0,,0.0,0.0,,,,,,,,,,,,,,,,,,,,,,,,,,,,,,,,,,,,,,,,,,,,,,,,,,,,,,,,,,,,,,,,,,,,,,,,,,,,,,,,,,,,,,,,,,,,,,,,,,,,,
"35,CAF",CENTRAL AFRICAN REP,,0.0,0.0,17.0,3.0,4.0,0.0,1.0,,1.0,3.0,23.0,7.0,346.0,448.0,14.0,0.0,,7.0,0.0,,,56.0,,,,,,,,,0.0,,0.0,,,,,,,,0.0,,,,,,,,,,,,,,,,,,,,,,,,,,,,,,,,,,,,,,,,,,,,,,,,,,,,,,,,,,,,,,,,,,,,,,,,,
"36,TCD",CHAD,,,108.0,557.0,263.0,108.0,22.0,29.0,72.0,115.0,144.0,11.0,,213.0,1209.0,0.0,0.0,239.0,94.0,2.0,,0.0,,1301.0,,,487.0,0.0,0.0,0.0,,,,3000.0,,,,13.0,,,,,,2312.0,,0.0,,,0.0,,,,,,,,,,,,,,,,,,,,,,,,,,0.0,,,,,,,,,,,,,,,,,,,,,,,,,,,,,,0.0,,,,,,,,,,
"37,CHL",CHILE,28.0,0.0,8.0,1.0,562.0,,9.0,18.0,18.0,61.0,3.0,0.0,19.0,6.0,16.0,0.0,,44.0,,33.0,,115.0,0.0,142.0,0.0,21.0,0.0,164.0,39.0,180.0,127.0,4.0,0.0,,,30.0,4.0,15.0,,,32.0,,,85.0,,,0.0,,4.0,1084.0,4.0,280.0,,,6570.0,,0.0,,,,,15.0,,,,41.0,100.0,,0.0,,,12.0,5.0,,,30000.0,,,,,,,,,,,220.0,,,,,,1100.0,,,,,,,,,,,,,,,,20000.0,,,,,,
"38,CHN",CHINA P REP,37.0,1395.0,802.0,746.0,7186.0,575.0,88450.0,1161.0,2109.0,1074.0,807.0,1092.0,1795.0,922.0,678.0,1727.0,4501.0,1633.0,5612.0,2436.0,3203.0,1565.0,1449.0,5392.0,1324.0,3161.0,3969.0,881.0,683.0,1662.0,144.0,921.0,551.0,2465.0,6491.0,41.0,0.0,,242000.0,10000.0,20000.0,,,,10107.0,3000.0,,,0.0,0.0,686.0,,,,,2002018.0,,560.0,4000.0,39.0,32050.0,,,4800.0,500.0,57000.0,2130.0,,,,,,30.0,,,500000.0,,,,142000.0,500.0,28000.0,70000.0,3700000.0,,,3000000.0,205000.0,,5000.0,,7200.0,100000.0,,680000.0,,10000.0,1800.0,,0.0,,,50000.0,100000.0,60000.0,1500000.0,,12000.0,1266.0,,,,,,
"39,COL",COLOMBIA,0.0,98.0,85.0,313.0,593.0,53.0,155.0,218.0,150.0,180.0,116.0,91.0,135.0,99.0,115.0,1276.0,104.0,2.0,79.0,141.0,308.0,170.0,11.0,457.0,10.0,16.0,146.0,674.0,278.0,21800.0,0.0,411.0,120.0,225.0,40.0,701.0,,0.0,60.0,,390.0,225.0,70.0,251.0,837.0,0.0,0.0,61.0,,32.0,,,247.0,,,184.0,,,,,187.0,,,,150.0,1000.0,,,,,,,,,,,,,,,,,,,,,,,100.0,,,,,,,,,,,,,,,,,,,,400.0,,,,,,
"40,COM",COMOROS,0.0,,4.0,,,2.0,,29.0,0.0,1.0,,0.0,,,,14.0,40.0,,,,,,,0.0,,3.0,,24.0,,2.0,,33.0,,0.0,,,,1.0,,,,,,,,,,,,,,,,,,,,,,,,,,500.0,,,,,,,,,,,,,,,,,,,,,,,,,,,,,,,,,,,,,,,,,,,,,,,,17.0,,,
"41,COG",CONGO,,16.0,24.0,65.0,219.0,,26.0,0.0,56.0,17.0,,29.0,128.0,19.0,24.0,17.0,0.0,83.0,,,0.0,,,,,,,,,,,0.0,,,,,,,,,,,,,,,,154.0,,,,,,,,,,,,,,,,,,,,,,,,,,,,,,,,,,,,,,,,,,,,,,,,,,,,,,,,,,,,,,,,,,,
"42,COK",COOK IS,,,,,0.0,0.0,,,,0.0,,,,0.0,,,,19.0,,,,,,,8.0,,,5.0,,,,,,0.0,,,,,,,,,,,,,,0.0,,,,,,,,,,,,,,,,,,,,,0.0,,,0.0,0.0,,,,,,,,,,,,,,,,,,,,,,,,,,,,,,,,,,,,,,,,,,
"43,CRI",COSTA RICA,,3.0,8.0,4.0,27.0,31.0,11.0,19.0,,6.0,10.0,3.0,10.0,0.0,7.0,9.0,8.0,,60.0,0.0,2.0,12.0,0.0,48.0,1.0,,35.0,,,,,12.0,,,1.0,,,,0.0,2.0,,21.0,,,24.0,7.0,87.0,,,,,15.0,,,,,,,,,,,,,,,,,,,,,,,,,,,,,,,,,,,,,,,,,,,,,,,,,,,,,1750.0,,,,,,,,,,
"44,CIV",COTE D'IVOIRE,,,,,18.0,27.0,50.0,30.0,42.0,40.0,,,77.0,196.0,,,,,28.0,150.0,,,,16.0,,0.0,,,,,,0.0,,,,,,,,,,,,,120.0,,,,,,,,,,,,,,,,,,,,,,,,,,,,,,,,,,,,,,,,,,,,,,,,,,,,,,,,,,,,,,,,,,,,,,
"45,HRV",CROATIA,,,7.0,,0.0,,,12.0,0.0,7.0,,788.0,,0.0,41.0,,,0.0,0.0,,,,,,,,,,,,,,,,,,,,,,,,,,,,,,,,,,,,,,,,,,,,,,,,,,,,,,,,,,,,,,,,,,,,,,,,,,,,,,,,,,,,,,,,,,,,,,,,
"46,CUB",CUBA,,2.0,14.0,,,,7.0,1.0,2.0,20.0,4.0,0.0,3.0,5.0,2.0,4.0,6.0,3.0,3.0,2.0,14.0,51.0,0.0,,4.0,,23.0,0.0,0.0,4.0,,15.0,24.0,0.0,3.0,,6.0,7.0,1.0,,,,,,20.0,,0.0,,5.0,,0.0,1750.0,,,,,,,,,,,,,,,14.0,,,,0.0,,,,,,,,,35.0,,,2500.0,,,,,,600.0,,,,,,,,,,,,,,,,,,,,,,,,,,
"47,CYP",CYPRUS,,,,,,,,4.0,,,0.0,0.0,,,5.0,,52.0,,0.0,2.0,,,,0.0,,,,,,,,0.0,,,,,,,,,,,,,0.0,3.0,,,,,,,,,,,,,,,,40.0,,,,,,,,,,,,,,,,,,,,,,,,,,,,,,,,,,,,,,,,,,,,,,,,,,,,,
"48,CZE",CZECH REP,,15.0,32.0,,23.0,15.0,2.0,4.0,6.0,16.0,,418.0,20.0,,0.0,,6.0,29.0,1.0,,,,,,,,,,,,,,,,,,,,,,,,,,,,,,,,,,,,,,,,,,,,,,,,,,,,,,,,,,,,,,,,,,,,,,,,,,,,,,,,,,,,,,,,,,,,,,,,
"49,DNK",DENMARK,,2.0,,,0.0,,,0.0,,4.0,,,1.0,,,7.0,,,,,,,0.0,,1.0,,,,,0.0,,2.0,,9.0,0.0,,,,0.0,,,,,,,,,,,,,,,,,,,,,,,,,,,,,,,,,,,,,,,,,,,,,,,,,,,,,,,,,,,,,,,,,,,,,,,,,,,,
"50,DJI",DJIBOUTI,,,,,0.0,,0.0,6.0,,0.0,51.0,,,0.0,4.0,,43.0,29.0,0.0,0.0,155.0,0.0,,,,10.0,0.0,,,,,0.0,,25.0,0.0,,0.0,0.0,,,,,,,,,,,,,,,,,,,,,,,,,,,,,,,,,,,,,,,,,,,,,,,,,,,,,,,,,,,,,,,,,,,,,,,,,,,,,
"51,DMA",DOMINICA,,,,0.0,,,,2.0,,,0.0,,,3.0,,0.0,,,,2.0,,,,,,0.0,,,,,2.0,,,,0.0,40.0,,,,,,,,,0.0,,,,,,,0.0,,,,,,,,,,,,,,,,,,,,,,,,,,,,,,,,,2000.0,,,,,,,,,,,,,,,,,,,,,,,,,,,,,,
"52,DOM",DOMINICAN REP,,0.0,172.0,12.0,137.0,32.0,13.0,175.0,,12.0,703.0,21.0,3.0,3.0,,16.0,347.0,,27.0,13.0,,30.0,20.0,10.0,,0.0,0.0,3.0,12.0,12.0,,0.0,,20.0,7.0,1432.0,0.0,,,,,,,,,,0.0,,74.0,0.0,7.0,400.0,,,,,,,,,,,,,,,,,73.0,,,,,,,,,,,,,,,,2000.0,,,,,,,,,,,,,,,,,,,,,,,,,,,,,,
"53,ECU",ECUADOR,,24.0,45.0,7.0,18.0,3.0,41.0,,21.0,,,0.0,91.0,58.0,86.0,0.0,16.0,245.0,27.0,3.0,0.0,450.0,222.0,343.0,4.0,35.0,,5102.0,,0.0,,100.0,307.0,,8.0,,,0.0,81.0,0.0,,25.0,,20.0,49.0,400.0,,36.0,50.0,0.0,0.0,,,,,,,,,,,71.0,,,50.0,6000.0,,,,,,,200.0,,,,,,,,,,,190.0,,,,,,,40.0,,,,,,,,,,,,,,,,,,0.0,,0.0,,,,
"54,EGY",EGYPT,,,,,58.0,,98.0,,15.0,,13.0,,18.0,,3.0,,,22.0,34.0,49.0,600.0,34.0,552.0,1.0,,,,30.0,,,,,,,,53.0,,,,15.0,,,,,,,,,,,,,,,,,,,,20.0,0.0,,,,,,,10276.0,,,,,,,,,,,,,,,,,,,,,12.0,,,,,,,,,,,,,,,,,,,,,,,,,,
"55,SLV",EL SALVADOR,,0.0,,35.0,17.0,282.0,30.0,2.0,1.0,120.0,,304.0,7.0,1159.0,27.0,7.0,475.0,4.0,12.0,13.0,0.0,22.0,2.0,155.0,,10.0,55.0,,1100.0,,,,520.0,,,,,,,,,,,,,14.0,,,,125.0,,,,,,,,,,,,,,1000.0,,,,,,,,,,,,,,,,,2000.0,,,,,,,,,,,,,,,,,,,,,,,,,,,,0.0,,,,185.0,,
"56,GNQ",EQUATORIAL GUINEA,,,,,,,,,,,15.0,,,,,,,,,,,,,,,,,,,,,,,,,,,,,,,,,,,,,,,,,,,,,,,,,,,,,,,,,,,,,,,,,,,,,,,,,,,,,,,,,,,,,,,,,,,,,,,,,,,,,,,,
"57,ERI",ERITREA,,,,,,,0.0,,,,0.0,0.0,,,,0.0,,,,0.0,,3.0,,,,,,,,,,,,,,,,,,,,,,,,,,,,,,,,,,,,,,,,,,,,,,,,,,,,,,,,,,,,,,,,,,,,,,,,,,,,,,,,,,,,,,,,,,,,,
"58,EST",ESTONIA,,,1.0,,,,,,3.0,0.0,,,,,,,,,,,,,,,,,,,,,,,,,,,,,,,,,,,,,,,,,,,,,,,,,,,,,,,,,,,,,,,,,,,,,,,,,,,,,,,,,,,,,,,,,,,,,,,,,,,,,,,,,
"59,ETH",ETHIOPIA,,110.0,0.0,0.0,35.0,135.0,65.0,22.0,1302.0,285.0,,119.0,34.0,434.0,495.0,57.0,0.0,326.0,40.0,27.0,26.0,2.0,0.0,13.0,0.0,0.0,7445.0,367.0,0.0,1110.0,,300000.0,,990.0,157.0,,9.0,71.0,0.0,,,100000.0,,,500.0,24.0,1.0,,,2000.0,,,,0.0,,,,,,,,,,,,,,,,,,,,,,,,,,,,,,,,,,0.0,,,,,,0.0,,,,,,,0.0,0.0,,,,,,,0.0,,,,,,
"60,FJI",FIJI,,,17.0,,2.0,14.0,7.0,7.0,4.0,0.0,16.0,17.0,,1.0,4.0,12.0,0.0,25.0,,,,21.0,1.0,,0.0,10.0,,1.0,20.0,32.0,,9.0,,0.0,18.0,53.0,0.0,,,0.0,,59.0,3.0,,,,,,,2.0,1.0,,,,,,0.0,,,,,,23.0,,,,,,,,,,,6.0,,,,,,,,,,200.0,,,,,,,,,,,,,,,,,,,,,,,,,,,,,,,
"61,FIN",FINLAND,,,,,,,,,,0.0,,,,,,,,,,,,,,,0.0,,,,,,,,,,,,,,,,,,,,,,,,,,,,,,,,,,,,,,,,,,,,,,,,,,,,,,,,,,,,,,,,,,,,,,,,,,,,,,,,,,,,,,,,,,
"62,FRA",FRANCE,6.0,4.0,12.0,3.0,81.0,18.0,5.0,5.0,1393.0,13.0,11.0,19512.0,28.0,17.0,11.0,146.0,15.0,23.0,5.0,16.0,13.0,16.0,71.0,20.0,62.0,9.0,10.0,27.0,5.0,6.0,4.0,55.0,30.0,0.0,6.0,11.0,3.0,26.0,0.0,,,,,,114.0,23.0,,5.0,,,,,,,,,35.0,,,,,,,,,80.0,,,,,,,,,,,,,,,,,,,,,,,,,,,,,,,,,,,,,,,,46.0,,,,,,,,,
"63,GUF",FRENCH GUIANA,,,,,,,,,,,,,,,,,,,0.0,,,,,,,,,,,,,,,,,,,,,,,,,,,,,,,,,,,,,,,,,,,,,,,,,,,,,,,,,,,,,,,,,,,,,,,,,,,,,,,,,,,,,,,,,,,,,,,,
"64,PYF",FRENCH POLYNESIA,,,,,1.0,,,,,,,,,,,,13.0,,,,,,,,,,,10.0,,,,7.0,,,,,,,,,,,,,,,,,,,,,,,,,0.0,,,,,,,,,,,,,,,,,,,,,,,,,,,,,,,,,,,,,,,,,,,,,,,,,,,,,,,,,,
"65,GAB",GABON,,,1.0,,0.0,0.0,,0.0,,,1.0,,,50.0,,,,,45.0,,20.0,,,,,,0.0,,,,,,,,,,,,,,,,,,,,,,,,,,,,,,,,,,,,,,,,,,,,,,,,,,,,,,,,,,,,,,,,,,,,,,,,,,,,,,,,,,,,,,,,
"66,GMB",GAMBIA THE,,2.0,0.0,,9.0,5.0,0.0,0.0,,,2.0,3.0,0.0,1.0,21.0,53.0,,120.0,0.0,,,,,,,,0.0,0.0,0.0,,,,,,0.0,,200.0,0.0,,,,0.0,,0.0,,,0.0,,,,,,,,,,,,,,,,,,,,,,,,,,,,0.0,,,,,,,,,,,,,,,,,,,,,,,,,,,,,,0.0,,,,,,,,,,
"67,GEO",GEORGIA,,0.0,5.0,7.0,,0.0,,,0.0,0.0,1.0,,6.0,0.0,0.0,,,7.0,,1.0,,,1.0,8.0,,,,,,,,,,,,,,,,,,,,,,,,,,,,,,,,,,,,,,,,,,,,,,,,,,,,,,,,,,,,,,,,,,,,,,,,,,,,,,,,,,,,,,,,,,,
"68,DEU",GERMANY,,11.0,6.0,4.0,8.0,16.0,8.0,19.0,23.0,4.0,2.0,9370.0,49.0,6.0,,30.0,3.0,30.0,0.0,5.0,13.0,11.0,1.0,0.0,64.0,,,,,,,,,,,,,,,,,,,,,,,,,,,,,,,,,,,,,,,,,,,,,,,,,,,,,,,,,,,,,,,,,,,,,,,,,,,,,,,,,,,,,,,,,,
"69,DEU",GERMANY DEM REP,,,,,,,,,,,,,,,,,,,,,,,,,,,,,,0.0,0.0,,,,,,,,,,,,,,,,,,,,,,,,,,,,,,,,,,,,,,,,,,,,,,,,,,,,,,,,,,,,,,,,,,,,,,,,,,,,,,,,,,,,
"70,DEU",GERMANY FED REP,,,,,,,,,,,,,,,,,,,,,,,,5.0,,,6.0,,,0.0,3.0,0.0,,,,0.0,2.0,,82.0,,0.0,,54.0,,,,2.0,,,,,,347.0,,,,,,,,,0.0,,,,,,,,,,,,,,,,,,,,,,,,0.0,,,0.0,0.0,,,,,0.0,,,,,,,,,,,,,,,,,,,,
"71,GHA",GHANA,,23.0,76.0,121.0,90.0,40.0,0.0,56.0,,40.0,,,4.0,24.0,,76.0,67.0,26.0,411.0,145.0,,,,25.0,,7.0,15.0,,,4.0,103.0,0.0,,,,,,0.0,,,,,,0.0,,,0.0,,,,,,,,,,,,,,,,,,,,,,,,,,,,,17.0,,,,,,,,,,,,,,,,,,,,,,,,,,,,,,,,,,,,,,,
"72,GRC",GREECE,0.0,,6.0,,1.0,0.0,2.0,88.0,4.0,,0.0,0.0,2.0,11.0,37.0,143.0,17.0,9.0,0.0,52.0,14.0,1.0,,5.0,4.0,,56.0,1048.0,20.0,23.0,0.0,12.0,,24.0,1.0,15.0,50.0,27.0,,,,,,,,,19.0,9.0,2.0,38.0,,,,43.0,,,,,48.0,,31.0,455.0,,,,,,,,,,,,,,,,,,,,,,,22.0,,103.0,,,,,,,,,,,,,,,,,,,,,,,,,,,,
"73,GRD",GRENADA,,,,,0.0,,,,,1.0,39.0,,,,,0.0,,,,,,,,,0.0,,,,,,,,,,0.0,,,,,0.0,,,,,,,,,,,,6.0,,,,,,,,,,,,,,,,,,,,,,,,,,,,,,,,,,,,,,,,,,,,,,,,,,,,,,,,,,,,,,,
"74,GLP",GUADELOUPE,,,,,0.0,,,0.0,,,1.0,,,,,4.0,0.0,,,0.0,,,,,0.0,5.0,0.0,,,,,,,,,0.0,,,0.0,,,,,,0.0,,,,25.0,,14.0,,,,,,,,0.0,,,,,,,,,,,,,,,,,,,,,,,,,,,,2000.0,,,,,,,,,,,,,,,,,,,,,,,,,,,,
"75,GUM",GUAM,,,,,,,,,,,1.0,,1.0,,,,,0.0,,,,0.0,1.0,,,,,0.0,,,,,,,,,,,9.0,,,,,,,,,,,,,,6.0,,,,,,,,,,,,,,,,,,,,,,,,,,,,,,,,,,,,,,,,,,,,,,,,,,,,,,,,,,,,,,
"76,GTM",GUATEMALA,,3.0,44.0,83.0,227.0,36.0,74.0,11.0,6.0,1583.0,,22.0,71.0,55.0,36.0,14.0,452.0,,0.0,31.0,10.0,,206.0,217.0,200.0,10.0,5.0,84.0,0.0,0.0,0.0,0.0,640.0,,,0.0,,,23000.0,,,5.0,,,,273.0,,,,,,,,,,,,,,,,,,,,40000.0,,,,,,,,,,,,,,,,,,,,5000.0,,,,,,,,,,,,2650.0,,,,,,,,,,,,,,,9000.0,,
"77,GIN",GUINEA,84.0,0.0,105.0,0.0,8.0,2.0,0.0,90.0,129.0,72.0,100.0,24.0,23.0,21.0,194.0,12.0,12.0,,,,311.0,0.0,,,,,,18.0,,,,275.0,,0.0,,,,,,,,,,,,,,,,,,,,,,,,,,,,,,,,,,,,,,,,,,,,,,,,,,,,,,,,,,,,,,,,,,,,,,,,,,,,,,,,,
"78,GIN",GUINEA BISSAU,,,,,2.0,,221.0,,0.0,399.0,6.0,0.0,0.0,,,404.0,3.0,781.0,961.0,,195.0,0.0,,,,,,69.0,0.0,,,,0.0,,,,0.0,,,,,,0.0,,,,,,,,,,,,,,,,,,,,,,,,,,,,,,,,0.0,,,,,,,,,,,,,,,,,,,,,,,,,,,,,,0.0,,,,,,,,,,
"79,GUY",GUYANA,,,,,0.0,,0.0,,0.0,34.0,,,,,10.0,,,0.0,0.0,,,,,,,0.0,0.0,,,,,,,,,,,,,,,,,0.0,,,,,,,,,,,,,,,,,,,,,,,,,,,,,,,,,,,,,,,,,,,,,,,,,,,,,,,,,,,,,,,,,,,,,,,
"80,HTI",HAITI,,6.0,180.0,39.0,229549.0,21.0,698.0,163.0,16.0,88.0,5422.0,128.0,35.0,26.0,16.0,13.0,190.0,,84.0,,1122.0,13.0,0.0,,0.0,0.0,81.0,33.0,148.0,,,,,,220.0,8.0,,0.0,,,0.0,,78.0,,,,0.0,,480.0,,100.0,5500.0,26.0,,,50.0,,,,,672.0,,6.0,,,,,,,,,,,,,,,,,2150.0,,,,,,,,,,,,,,,,,,,,1600.0,,,,,,150.0,,,,,,,,,
"81,HND",HONDURAS,0.0,10.0,0.0,33.0,211.0,14.0,67.0,7.0,4.0,61.0,0.0,10.0,19.0,21.0,0.0,34.0,14617.0,0.0,8.0,37.0,151.0,413.0,,,5.0,10.0,19.0,,0.0,,0.0,,130.0,0.0,2.0,1.0,0.0,,20.0,,8000.0,2800.0,0.0,0.0,,0.0,,,,7.0,,,,275.0,,,,,,,,,,,,,,,,,,,,,,,,,,,,,,1500.0,,,,,,,,,,,,,,,,0.0,,,,,,,,,,,,,,,
"82,HKG",HONG KONG (CHINA),,,,,1.0,0.0,2.0,,,0.0,,303.0,,,,2.0,,81.0,,,1.0,8.0,7.0,22.0,,12.0,0.0,10.0,5.0,2.0,,23.0,31.0,0.0,2.0,13.0,11.0,1.0,38.0,3.0,1.0,1.0,238.0,115.0,0.0,0.0,22.0,0.0,144.0,5.0,70.0,,183.0,7.0,60.0,43.0,,8.0,,,,,,,,,,2000.0,,,,,,,,,,11000.0,,,,,,,,,,,,,,100.0,,,,,,,,,,,,,,,,,10000.0,,,,,,
"83,HUN",HUNGARY,,0.0,16.0,,1.0,,17.0,500.0,5.0,52.0,0.0,7.0,0.0,81.0,1.0,48.0,,0.0,0.0,,,,0.0,,,,,,0.0,,4.0,,,,,,,,,,,,,,300.0,,,,,,,,,,,,,,,,,,,,,,,,,,,,,,,,,,,,,,,,,,,,,,,,,,,,,,,,,,,,,,,,,,,,,,
"84,ISL",ICELAND,,,,,0.0,,,,,,,,,,0.0,,,,0.0,34.0,,,,,,,0.0,,,,0.0,4.0,,,,,,,1.0,,12.0,0.0,,,,,,,,,,,,,,,,,,,,,,,,,,,,,,,,,,,,,,,,,,,,,,,,,,,,,,,,,,,,,,,,,,,,,,,,,
"85,IND",INDIA,42.0,7119.0,599.0,1038.0,1439.0,2204.0,1808.0,2236.0,1431.0,4997.0,17737.0,2251.0,2991.0,21045.0,2817.0,11459.0,9424.0,2556.0,3230.0,2934.0,2448.0,11251.0,1252.0,2826.0,2509.0,2115.0,7424.0,1970.0,1065.0,4016.0,6084.0,1634.0,2194.0,1870.0,3896.0,1734.0,7841.0,14766.0,270.0,898.0,280.0,261.0,330.0,11041.0,1053.0,815.0,7459.0,4506.0,65.0,1500100.0,732.0,512.0,173.0,3457.0,237.0,621.0,708.0,187.0,290.0,2120.0,30.0,480.0,750.0,,1735.0,1000.0,500.0,,400.0,0.0,304.0,5000.0,1540000.0,,,,,,233.0,60100.0,6000.0,,,,,,36.0,685.0,423000.0,80.0,301242.0,,,,2500000.0,,,,300.0,,,,,,,,,1300000.0,,20000.0,,,,,1250000.0
"86,IDN",INDONESIA,111.0,170.0,107.0,129.0,1294.0,1485.0,144.0,979.0,7421.0,1325.0,166604.0,534.0,290.0,587.0,564.0,162.0,1490.0,1130.0,402.0,239.0,609.0,134.0,2632.0,524.0,280.0,144.0,229.0,459.0,318.0,52.0,363.0,161.0,642.0,1007.0,253.0,1082.0,226.0,327.0,1354.0,,10.0,1650.0,0.0,,82.0,64.0,252.0,285.0,9264.0,111.0,,1690.0,,,,,8.0,,300.0,405.0,37.0,114.0,,1300.0,,,,,,,,213.0,,,,,17.0,,26.0,,,,6.0,1300.0,1369.0,,128.0,50.0,,,727.0,,,,,5000.0,,15000.0,,,20.0,,,,,5540.0,,400.0,,,,,,,
"87,IRN",IRAN ISLAM REP,,45.0,319.0,,11.0,0.0,56.0,24.0,77.0,734.0,75.0,26817.0,291.0,476.0,90.0,102.0,211.0,2781.0,58.0,27.0,53.0,805.0,68.0,78.0,40042.0,100.0,91.0,867.0,266.0,1.0,,33.0,,3458.0,306.0,565.0,25053.0,1114.0,16.0,14.0,,,5117.0,,219.0,70.0,10068.0,,42.0,288.0,0.0,,12000.0,60.0,480.0,,191.0,5666.0,1350.0,,2000.0,1890.0,,225.0,52.0,,200.0,400.0,,,,,,,,,,,,,,,,,2500.0,3300.0,,,,,,,,,,,,,,,,,,,,5000.0,,,,,,,,,
"88,IRQ",IRAQ,,11.0,4.0,6.0,,2.0,15.0,24.0,22.0,,0.0,0.0,,,,,0.0,0.0,,,,,,20.0,,,,,,,,,,,,,1.0,,,,,,,,,0.0,0.0,0.0,,,,,,,,,,,,,0.0,,,,,,,,,,,,,,,,,,,,,,,,,,,,,,,,,,,,,,,,,,,,,,,,,,,,,,
"89,IRL",IRELAND,0.0,,,2.0,,0.0,,,,0.0,0.0,0.0,0.0,,3.0,8.0,2.0,,2.0,,,3.0,,0.0,2.0,,,0.0,11.0,,,10.0,,,,,,,,,,,,,,,,,,,,,,,,,,,,,,,,,,,,,,,,,,,,,,,,,,,,,,,,,,,,,,,,,,,,,,,,,,,,,,,,,,,
"90,ISR",ISRAEL,,4.0,,,46.0,,,,,,,,,,15.0,0.0,0.0,15.0,,0.0,,,0.0,5.0,,,,,,,,0.0,,,,,,,,,,,,,20.0,,,,,,,,,,,,,,,,,,,,,,,,,,,,,,,,,,,,,,,,,,,,,,,,,,,,,,,,,,,,,,,,,,,,,,
"91,ITA",ITALY,1.0,18.0,73.0,29.0,3.0,335.0,9.0,17.0,5.0,9.0,2.0,20092.0,37.0,2.0,46.0,1.0,170.0,36.0,17.0,,72.0,8.0,2.0,0.0,27.0,,,90.0,2.0,329.0,4.0,7.0,0.0,12.0,4689.0,14.0,6.0,23.0,934.0,12.0,,38.0,1.0,22.0,72.0,,296.0,,70.0,92.0,,1917.0,,,12.0,,,,,,297.0,100.0,,163.0,,,105.0,,,,26.0,,,,,10.0,,,,,,,,,1883.0,,,,,,,,100.0,,0.0,,,,,29980.0,,,,,,,75000.0,,700.0,2500.0,,,,,
"92,JAM",JAMAICA,,,1.0,,15.0,,13.0,5.0,4.0,6.0,16.0,,13.0,1.0,0.0,,,,0.0,,4.0,9.0,,15.0,0.0,,49.0,9.0,54.0,7.0,,,,0.0,6.0,44.0,,0.0,,,,6.0,,,,,0.0,,,,,11.0,,,,,,,,,,,,154.0,,,,,,,32.0,,,,125.0,,,151.0,,0.0,,63.0,16.0,,,,,,,,,4.0,,,,,,57.0,,,,,142.0,,,53.0,,1200.0,,,,65.0,,,330.0
"93,JPN",JAPAN,35.0,400.0,173.0,19975.0,180.0,61.0,29.0,87.0,62.0,136.0,359.0,46.0,7.0,25.0,32.0,86.0,57.0,28.0,20.0,5300.0,10.0,438.0,11.0,144.0,67.0,43.0,27.0,10.0,64.0,49.0,34.0,465.0,563.0,203.0,29.0,121.0,67.0,41.0,169.0,98.0,331.0,101.0,588.0,135.0,,72.0,171.0,779.0,358.0,289.0,311.0,133.0,71.0,653.0,179.0,5305.0,1950.0,1101.0,130.0,343.0,2253.0,4246.0,235.0,1249.0,636.0,617.0,5999.0,3930.0,2000.0,6158.0,998.0,2073.0,,,,,933.0,,,,3006.0,6064.0,,,0.0,,,5850.0,144.0,,,148344.0,,,,,,4000.0,,,269.0,,1000.0,,1379.0,,,41.0,,,,,125.0,18.0,30.0
"94,JOR",JORDAN,,,,,,,,,,,,,5.0,,9.0,0.0,,2.0,,,,,15.0,10.0,,0.0,,9.0,,,,,,4.0,,,,,,,,,,,,,,,259.0,8.0,,25.0,,,,,,,,,,,,,,,,,,,,,,,,,,,,,,,,,,,,242.0,,,,,,,,,,,,,,,,,,,,,,,,,,,
"95,KAZ",KAZAKHSTAN,5.0,,0.0,2.0,44.0,,1.0,,,0.0,48.0,3.0,,3.0,0.0,0.0,7.0,0.0,,112.0,,10.0,,,,,,,,,,,,,,,,,,,,,,,,,,,,,,,,,,,,,,,,,,,,,,,,,,,,,,,,,,,,,,,,,,,,,,,,,,,,,,,,,,,,,,,,,,,,,
"96,KEN",KENYA,,128.0,73.0,33.0,261.0,307.0,112.0,39.0,395.0,106.0,143.0,40.0,101.0,44.0,50.0,1899.0,67.0,1318.0,0.0,,1000.0,,,26.0,44.0,,50.0,,,,0.0,,75.0,,,0.0,,100.0,,0.0,,,,0.0,,,0.0,,,0.0,0.0,,,,,,,,,,,,,,,,,,,,,,,,,,,,,,,,,,,,,,,,,,,,,,,,,,,,,,,,,,,,,,,,
"97,KIR",KIRIBATI,0.0,,,,,,0.0,,,,,,,,,0.0,,,,,,,,,,,,,,,,,,,,,,17.0,,,,,3.0,,,,,,,,,,,,,,,,,,,,,,,,,,,,,,,,,,,,,,,,,,,,,,,,,,,,,,,,,,,,,,,,,,,,,,,,
"98,KOR",KOREA DEM P REP,,51.0,147.0,74.0,20.0,,,610.0,282.0,193.0,24.0,,3.0,124.0,46.0,42.0,50.0,0.0,116.0,68.0,,6.0,,,,,,315.0,,,,,,,,0.0,,,,,,,,,,,,,,,,,,,,,,,,,,,,,,,,,,,,,,,,,,,,,,,,,,,,,,,,,,,,,,,,,,,,,,,,,,,,,,,
"99,KOR",KOREA REP,10.0,,22.0,121.0,12.0,,10.0,23.0,46.0,29.0,24.0,130.0,225.0,81.0,61.0,68.0,503.0,15.0,104.0,73.0,28.0,43.0,5.0,126.0,194.0,109.0,25.0,669.0,33.0,57.0,213.0,,68.0,113.0,165.0,115.0,27.0,315.0,25.0,,,,747.0,109.0,67.0,630.0,18.0,0.0,95.0,323.0,210.0,116.0,290.0,249.0,,494.0,,485.0,103.0,,,,,,,,,,,,,,,,,,,,1104.0,,,,,,,,,,,,,,,,,,,,,,,,,,,,,,,,,,,,
"100,KWT",KUWAIT,,,,,,,,,,,,0.0,,,,,,2.0,,,,,,,,,,,,,,,,,,,,,,,,,,,,,,,,,,,,,,,,,,,,,,,,,,,,,,,,,,,,,,,,,,,,,,,,,,,,,,,,,,,,,,,,,,,,,,,,,
"101,KGZ",KYRGYZSTAN,0.0,,16.0,0.0,0.0,0.0,74.0,0.0,4.0,3.0,49.0,38.0,0.0,,11.0,,1.0,22.0,,,162.0,,58.0,,,,,,,,,,,,,,,,,,,,,,,,,,,,,,,,,,,,,,,,,,,,,,,,,,,,,,,,,,,,,,,,,,,,,,,,,,,,,,,,,,,,,,,,,,,,
"102,LAO",LAO P DEM REP,,100.0,,48.0,,26.0,6.0,2.0,,,,,2.0,0.0,59.0,0.0,,,30.0,60.0,500.0,8.0,175.0,0.0,,,0.0,63.0,,0.0,14.0,,,0.0,,,31.0,0.0,,,,,,14.0,,0.0,2.0,,300.0,,,,,,,,,,,,,,,,,,,,,,,,,,,,,,,,,,,,,,,,,,,,,,,,,,,,,,,,,,,,,,,,,,
"103,LVA",LATVIA,,,10.0,,,,,,40.0,0.0,,15.0,,21.0,0.0,6.0,,,,,,,,,,,,,,,,,,,,,,,,,,,,,,,,,,,,,,,,,,,,,,,,,,,,,,,,,,,,,,,,,,,,,,,,,,,,,,,,,,,,,,,,,,,,,,,,,,,
"104,LBN",LEBANON,,,,,,,,1.0,,,,0.0,0.0,,,,,,,,,,25.0,,,,,0.0,,,,20.0,,,,,,,,,,,,,,,,,,,,,,,,,,,136.0,440.0,,,,,,,,,,,,,,,,,,,,,,,,,,,,,,,,,,,,,,,,,,,,,,,,,,,,,,,
"105,LSO",LESOTHO,,,,26.0,,,0.0,0.0,,,,,0.0,1.0,28.0,28.0,,,0.0,,,,0.0,,22.0,0.0,,18.0,,0.0,,0.0,,,,,,,,,0.0,,,,,,0.0,,,,,,,,,,,,,,,,,,,,,,,,,,,,,,,,,,,,,,,,,,,,,,,,,,,,,,,,,,,,,,,,,,,,
"106,LBR",LIBERIA,6.0,,,,1.0,2.0,0.0,1.0,,29.0,,0.0,0.0,,13.0,39.0,22.0,,56.0,9.0,,,,,0.0,,,,,,,0.0,46.0,,466.0,,,,,,,,,,,,,,,,,,,,,,,,,,,,,,,,,,,,,,,,,,,,,,,,,,,,,,,,,,,,,,,,,,,,,,,,,,,,,,,,
"107,LBY",LIBYAN ARAB JAMAH,,16.0,,,,,,,,,,,,,,,,,,0.0,,,,,,,,,,,,,,,,,,,,,,,,,,,,,,,,320.0,,,,,,,,,,,,,,,,,,,0.0,,,,,,,,,,,,,,,,,,,,,,,,,,,,,,,,,,,,,,,,,,,,
"108,LTU",LITHUANIA,,,30.0,,9.0,,,,0.0,0.0,,,,20.0,,34.0,,,,,,6.0,0.0,,,,,,,,,,,,,,,,,,,,,,,,,,,,,,,,,,,,,,,,,,,,,,,,,,,,,,,,,,,,,,,,,,,,,,,,,,,,,,,,,,,,,,,,,,,,
"109,LUX",LUXEMBOURG,,,,,0.0,,,,,,,170.0,,,,,,,,0.0,,0.0,,,0.0,,,,,,,0.0,,,,,,,,,,,,,,,,,,,,,,,,,,,,,,,,,,,,,,,,,,,,,,,,,,,,,,,,,,,,,,,,,,,,,,,,,,,,,,,,,,,
"110,MAC",MACAU,,,,,,,,,,,,0.0,,,,,,,,,,0.0,,,,,,,,,,,,,,,,,,,,,,,,,,,,,,,,,,,,,,,,,,,,,,,,,,,,,,,,,,,,,,,,,,,,,,,,,,,,,,,,,,,,,,,,,,,,,
"111,MKD",MACEDONIA FRY,,1.0,1.0,,,,,1.0,0.0,1.0,15.0,2.0,0.0,15.0,0.0,,,,,0.0,,0.0,,,,,,,,,,,,,,,,,,,,,,,,,,,,,,,,,,,,,,,,,,,,,,,,,,,,,,,,,,,,,,,,,,,,,,,,,,,,,,,,,,,,,,,,,,,,,
"112,MDG",MADAGASCAR,,164.0,112.0,35.0,120.0,27.0,125.0,91.0,4.0,107.0,395.0,105.0,694.0,,153.0,981.0,0.0,174.0,9.0,,212.0,,,36.0,,46.0,200.0,,99.0,,68.0,42.0,92.0,107.0,,,70.0,10.0,16.0,7.0,,,91.0,,70.0,81.0,29.0,,,,,,,,,,,,,,,,,,,,,,,,,,,,,,,,,,,,,,,,,,,,,,,,,,,,,,,,,,,,,,,,,,,,
"113,MWI",MALAWI,,3.0,4.0,4.0,0.0,66.0,113.0,2.0,28.0,12.0,,12.0,725.0,1190.0,83.0,0.0,4.0,10.0,,1.0,,,0.0,472.0,0.0,57.0,,0.0,,,,,0.0,,,0.0,,,,,,,,,,0.0,,0.0,,,,,,,,,,,,,,,,,,,,,,,,,,,,,,,,,,,,,,,,,,,,,,,,,,,,,,,,,,,,,,,,,,,
"114,MYS",MALAYSIA,,4.0,,18.0,,0.0,0.0,102.0,6.0,13.0,97.0,10.0,12.0,11.0,16.0,1.0,105.0,97.0,333.0,20.0,,102.0,,263.0,,,27.0,3.0,11.0,,,10.0,,,,,0.0,0.0,,,,,,,61.0,,23.0,50.0,,6.0,,,,,,,,,,,,,,,,,,,,,,,,,,,,,,,,,,,,,,,,,,,,,,,,,,,,,,,,,,,,,,,,,
"115,MDV",MALDIVES,,,,4.0,,,,0.0,,,102.0,,,,,,,,,,,,,0.0,,,,0.0,,,,,,,,,219.0,,,,,,,,,,,,,,,,,,,,,,,,,,,,,,,,,,,,,,,,,,,,,,,,,,,,,,,,,,,,,,,,,,,,,,,,,,,,,,
"116,MLI",MALI,,37.0,,50.0,0.0,35.0,0.0,18.0,10.0,43.0,0.0,106.0,35.0,2.0,15.0,2.0,3.0,1098.0,345.0,,,,,0.0,,1.0,64.0,202.0,0.0,0.0,1022.0,,,412.0,0.0,30.0,0.0,,,,,,,,,513.0,,,0.0,,,,,,,,,,,,,,,,,,,,,,,,,,0.0,,,,,,,,,,,,,,,,,,,,,,,,,,,,,,0.0,,,,,,,,,,
"117,MHL",MARSHALL IS,0.0,0.0,,,,,0.0,,,,,,,,6.0,,,,,,,,,0.0,,,,,,,,,,,,,,,,,,,,,,,,,,,,,,,,,,,,,,,,,,,,,,,,,,,,,,,,,,,,,,,,,,,,,,,,,,,,,,,,,,,,,,,,,,,
"118,MTQ",MARTINIQUE,,,,1.0,13.0,,,2.0,,,,,,,,0.0,,,0.0,0.0,,2.0,,,8.0,0.0,,,,,,,,,0.0,0.0,,,,,,,,,45.0,,,15.0,,,,10.0,,,0.0,,,,,,,,,,,,,,,,,,,,,,,,,,,,,,,,,,,,,,,,,,,,,,,,,,,,,,,,,,30000.0,,
"119,MRT",MAURITANIA,,8.0,,0.0,0.0,1.0,,3.0,7.0,55.0,0.0,9.0,25.0,0.0,,1.0,6.0,0.0,46.0,0.0,,0.0,,4.0,,,38.0,35.0,,0.0,0.0,,5.0,,0.0,,0.0,,0.0,,,,,,,0.0,,,,0.0,,,,,,,,,,,,,,,,,,,,,,,,,0.0,,,,,,,,,,,,,,,,,,,,,,,,,,,,,,0.0,,,,,,,,,,
"120,MUS",MAURITIUS,,11.0,,,,,,2.0,0.0,,,,3.0,,,0.0,,,3.0,,2.0,,,0.0,,1.0,,,,0.0,0.0,1.0,0.0,,0.0,5.0,,,,9.0,,,2.0,,,,,0.0,,,,,,,42.0,,,,,,,,,,,,,,,,,,,,,,,,,,,,,,,,,,,,,,,,,,,,,,,,,,,,,,,,,,,,
"121,MEX",MEXICO,,223.0,21.0,125.0,182.0,32.0,36.0,58.0,41.0,88.0,72.0,70.0,103.0,26.0,236.0,724.0,849.0,567.0,16.0,299.0,0.0,103.0,83.0,88.0,463.0,43.0,311.0,18.0,20.0,9500.0,4.0,325.0,359.0,103.0,171.0,5.0,15.0,10.0,720.0,29.0,13.0,647.0,37.0,17.0,35.0,76.0,55.0,111.0,14.0,27.0,45.0,,50.0,436.0,,2988.0,,160.0,,800.0,100.0,,140.0,50.0,,1000.0,,,,,,0.0,,174.0,,,,,,,,,,,,60.0,,,,,,,,,,,,,,,,,,,,,,,,,,,,,
"122,FSM",MICRONESIA FED STATES,,,,,,,0.0,,,,1.0,0.0,47.0,,19.0,,0.0,,,,,,,,,,,5.0,,,,,,,,,,,,,,,,,,,,,,,,,,,,,,,,,,,,,,,,,,,,,,,,,,,,,,,,,,,,,,,,,,,,,,,,,,,,,,,,,,,,,,,
"123,MDA",MOLDOVA REP,,,10.0,,1.0,,3.0,0.0,13.0,0.0,,,1.0,,2.0,0.0,,9.0,,,50.0,,,,,,,,,,,,,,,,,,,,,,,,,,,,,,,,,,,,,,,,,,,,,,,,,,,,,,,,,,,,,,,,,,,,,,,,,,,,,,,,,,,,,,,,,,,,,,
"124,MNG",MONGOLIA,,,,,,31.0,52.0,,,,,15.0,3.0,16.0,23.0,,,,74.0,,5.0,7.0,,6.0,36.0,,,,0.0,,,,0.0,,,,,,,,,,,,,,,,57.0,,,,,,,,,1200.0,,,,,,,,,,,,,,,,,,,,,,,,,,,,,,,,,,,,,,,,,,,,,,,,,,,,,,,,,
"125,MNE",MONTENEGRO,,,1.0,,0.0,0.0,,0.0,,,,,,,,,,,,,,,,,,,,,,,,,,,,,,,,,,,,,,,,,,,,,,,,,,,,,,,,,,,,,,,,,,,,,,,,,,,,,,,,,,,,,,,,,,,,,,,,,,,,,,,,,,,
"126,MSR",MONTSERRAT,,,,,,,,,0.0,,,,,,,,,32.0,0.0,0.0,,,,,0.0,11.0,,,,,,,,,,,,,,,,,,,,,,,,,,,,,,,,,,,,,,,,,,,,,,,,,,,,,,,,,,,,,0.0,,,,,,,,,,,,,,,,,,,,,,,,,,,,
"127,MAR",MOROCCO,0.0,,0.0,,42.0,29.0,39.0,,17.0,1.0,628.0,35.0,80.0,15.0,6.0,0.0,,60.0,39.0,791.0,,,,,,,31.0,0.0,,,0.0,0.0,1.0,,,16.0,,0.0,,10.0,,,,0.0,11.0,,,,200.0,75.0,76.0,169.0,,,12000.0,,,,,,30.0,,,131.0,,,,,,,,,,,,,,,,,,,,,,,,,,,,,,,,,,,,,,,,,,100.0,,,,,,,,,
"128,MOZ",MOZAMBIQUE,,121.0,33.0,36.0,49.0,198.0,238.0,142.0,31.0,16.0,,217.0,29.0,86.0,843.0,23.0,296.0,672.0,11.0,,240.0,,587.0,0.0,694.0,2.0,100.0,50.0,,8.0,109.0,189.0,,100000.0,10.0,0.0,44.0,303.0,,1.0,,,,500.0,,,,0.0,,,,,,,,,,,107.0,,,,,,,,,,,,,,,,,,,,,,,,,,,,,,,,,,,,,,,,,,,,,,,,,,,,,,,,
"129,MMR",MYANMAR,,23.0,40.0,225.0,113.0,24.0,138366.0,35.0,59.0,17.0,307.0,,21.0,51.0,,22.0,,68.0,,51.0,17.0,,5.0,23.0,,,,,,,,10.0,11.0,8.0,,0.0,0.0,3.0,0.0,200.0,0.0,,,,90.0,,1070.0,278.0,,134.0,,0.0,,,,,,,,,,,,,,,,,,,,,,15.0,,,,,1000.0,,,,,,536.0,,,,2700.0,,,6.0,,,,,,,,,,,,,,,,,,,,,600.0,,
"130,NAM",NAMIBIA,,17.0,0.0,108.0,8.0,92.0,51.0,14.0,15.0,,0.0,2.0,0.0,134.0,14.0,,0.0,,,0.0,,,,0.0,,,100.0,,,,,,0.0,,,,,,,,,,,,,,,,,,,,,,,,,,,,,,,,,,,,,,,,,,,,,,,,,,,,,,,,,,,,,,,,,,,,,,,,,,,,,,,,,,
"131,NPL",NEPAL,16.0,244.0,86.0,182.0,223.0,459.0,115.0,214.0,157.0,51.0,185.0,287.0,564.0,170.0,463.0,352.0,495.0,104.0,926.0,446.0,,1076.0,696.0,1391.0,180.0,49.0,912.0,188.0,23.0,46.0,200.0,207.0,92.0,750.0,100.0,0.0,130.0,,150.0,125.0,,,105.0,,371.0,,276.0,17.0,80.0,,0.0,1150.0,,,,,,,,,60.0,,,,,,,,,,,,,,,,,,,,9040.0,,,,,,,,,,,,,,,,,,,,,,,,,,,,,,,,,,
"132,NLD",NETHERLANDS,,2.0,1.0,,0.0,,0.0,7.0,1000.0,0.0,,965.0,4.0,,,13.0,0.0,2.0,,1.0,0.0,1.0,0.0,,20.0,,,,0.0,0.0,0.0,,,,,,,,0.0,,,,0.0,,,,,,,,,,,,,,,,,,,2000.0,,,,,,,,,,,,,,,,,,,,,,,,,,,,,,,,,,,,,,,,,,,,,,,,,,,,,
"133,NLD",NETHERLANDS ANTILLES,,,,,,,,,,,,,,,,,,,,2.0,,,,,,11.0,,,,,,,,,,,,,,,,,,,,,,,,,,,,,0.0,,,,,,0.0,,,,,,,,,,,,,,,,,,,,,,,,,,,,,,,,,,,,,,,,,,,,,,,,,,,,,,
"134,NCL",NEW CALEDONIA,,,,,,,,,,,,2.0,,,,0.0,,,,,,,,,,2.0,,,,,,,,4.0,,,,,0.0,0.0,,,3.0,,,0.0,0.0,,,,,,,,,1.0,,,,1.0,,,,2.0,,,2.0,,,,,,,,,3.0,,,,,,,,,,,,,,,,,,,,,,,,,,,,,,,,,,,,,,,
"135,NZL",NEW ZEALAND,,0.0,3.0,182.0,0.0,,,0.0,0.0,0.0,4.0,2.0,0.0,0.0,0.0,0.0,0.0,3.0,1.0,0.0,0.0,,0.0,0.0,,0.0,7.0,1.0,1.0,4.0,0.0,0.0,,0.0,0.0,0.0,0.0,0.0,0.0,,,,,,,,53.0,,,,,,,,,,,,,,,150.0,,,,,,,,,,,,,,,21.0,,,,,,,256.0,,17.0,,,,,,,,,,,6700.0,,,,,,,,,,,,,,,,,,
"136,NIC",NICARAGUA,1.0,30.0,9.0,17.0,87.0,8.0,30.0,198.0,,7.0,29.0,,2.0,16.0,9.0,11.0,3339.0,0.0,44.0,56.0,0.0,37.0,180.0,2.0,4.0,,130.0,,,,,,71.0,,0.0,0.0,,,16.0,,,,10000.0,35.0,,0.0,0.0,53.0,,,,,,,325.0,,,,,,,,,500.0,,,,,,,,,,,,,,,,,,,,1000.0,,,,,,,,,,,,,,,,,,,,,,,,,1000.0,,,,,,
"137,NER",NIGER,,32.0,188.0,64.0,108.0,172.0,180.0,7.0,66.0,44.0,154.0,202.0,320.0,577.0,192.0,63.0,0.0,262.0,882.0,3022.0,60.0,,,2842.0,0.0,186.0,20.0,0.0,0.0,,0.0,,,,0.0,,,,,,0.0,,,,319.0,2.0,,,0.0,,,,,,,,,,,,,,,,,,,,,,,,,,0.0,,,,,,,,,,0.0,,,,,,,100000.0,,,,,,,,,,0.0,,,85000.0,,,,0.0,,,0.0,,,
"138,NGA",NIGERIA,,19.0,388.0,879.0,549.0,1732.0,178.0,291.0,40.0,779.0,266.0,16.0,315.0,744.0,135.0,705.0,54.0,,5539.0,,30.0,,118.0,7689.0,60.0,29.0,130.0,530.0,1073.0,0.0,,0.0,,,,,100.0,,,,,,,,,2000.0,,,,,,,,,,,,,,,,,,,,,,,,,,,,,,,,,,,,,,,,,,,,,,,,,,,,,,,,,,,,,,,,,,,,,
"139,NIU",NIUE,,,,,,,,,,,1.0,,,,,1.0,,,,,,,,,0.0,,,,,,,,,,,,,,,,,,,,,,0.0,,,,,,,,0.0,0.0,,,,,,,,,,,,,,,,,,,,,,,,,,,,,,,,,,,,,,,,,,,,,,,,,,,,,,,,,,,
"140,MNP",NORTHERN MARIANA IS,,,,,,,,,,,3.0,,0.0,,,,,,,,,,,,,,,,,,,,,,,,,,,,,,,,,,,,,,,,,,,,,,,,,,,,,,,,,,,,,,,,,,,,,,,,,,,,,,,,,,,,,,,,,,,,,,,,,,,,,,
"141,NOR",NORWAY,,,,4.0,,,0.0,,,0.0,,,,0.0,0.0,,,,,1.0,,0.0,0.0,,0.0,,,,,,,,,,,,,,,,,,,,,,,,,,,,,,,,,,,,,,,,,,,,,,,,,,,,,,73.0,,,,,,,,,,,,,,,,,,,,,,,,,,,,,,,,,,,,
"142,OMN",OMAN,,,,14.0,16.0,,,76.0,,,,30.0,7.0,,,,,,,,,,,,,,,,,,,,,26.0,,,,107.0,,,,,,,,,,,,,,,,,,,,,,,,,,,,,,,,,,,,,,,,,,,,,,,,,,,,,,,,,,,,,,,,,,,,,,,,,,,,,
"143,PAK",PAKISTAN,,730.0,671.0,511.0,2186.0,102.0,249.0,911.0,513.0,74204.0,31.0,529.0,213.0,257.0,133.0,446.0,1109.0,362.0,187.0,1063.0,352.0,682.0,1541.0,872.0,40.0,20.0,282.0,,11.0,5.0,43.0,158.0,68.0,394.0,93.0,83.0,393.0,848.0,338.0,14.0,4700.0,474.0,,,,,37.0,32.0,,10000.0,450.0,,,,,148.0,,75.0,270.0,,346.0,111.0,,,2900.0,,,,,4000.0,0.0,,,,,0.0,,,,60000.0,,,,,,,,,0.0,,,,,,,,,,,,,,,,,,,,,,,,,,
"144,PLW",PALAU,,0.0,,,,,,,,,,,,,,,,,,,,,,,,,,,,,,,,,,,,,,,,,,,,,,,,,,,,,,,,,,,,,,,,,,,,,,,,,,,,,,,,,,,,,,,,,,,,,,,,,,,,,,,,,,,,,,,,,
"145,PSE",PALESTINE (WEST BANK),,6.0,0.0,,0.0,,0.0,,,,,,,,,,,,,,,,,,,,,,,,,0.0,,,,,,,,,,,,,,,,,,,,,,,,,,,,,,,,,,,,,,,,,,,,,,,,,,,,,,,,,,,,,,,,,,,,,,,,,,,,,,,,,,,
"146,PAN",PANAMA,,0.0,6.0,0.0,15.0,0.0,28.0,2.0,11.0,3.0,16.0,2.0,5.0,0.0,1.0,1.0,3.0,,,2.0,,,69.0,85.0,,,30.0,,2.0,,1.0,0.0,,,,,19.0,,,,,7.0,0.0,,48.0,,,,20.0,,1.0,,,,,,,,,,,,,,,,,,,,,,,,,,,,,,,,,,,,,,,,,,,,,,,,,,,,,,,,,,,,,,,,
"147,PNG",PAPUA NEW GUINEA,,0.0,65.0,0.0,,211.0,10.0,172.0,16.0,2.0,0.0,13.0,183.0,0.0,2.0,2.0,2296.0,92.0,42.0,,5.0,68.0,0.0,200.0,0.0,,76.0,1.0,0.0,0.0,,66.0,,,0.0,13.0,,,,,,,0.0,100.0,15.0,,,,,,,,,,0.0,,,0.0,,,,,,3000.0,,,,,,,,,,,,,,506.0,,,,,,,11.0,,,,,,,,,,,,,,,,,,,,,,,,,,,,,,
"148,PRY",PARAGUAY,,0.0,5.0,44.0,12.0,8.0,12.0,8.0,17.0,0.0,0.0,,0.0,,8.0,12.0,55.0,33.0,,0.0,,,0.0,,0.0,,0.0,,,,,76.0,0.0,,,0.0,,,,,,,,0.0,,,,,0.0,6.0,,0.0,,,,,,,,,,,,,,,,,,,,,,,,,,,,,,,,,,,,,,,,,,,,,,,,,,,,,,,,,,,,,,,
"149,PER",PERU,0.0,69.0,299.0,109.0,510.0,577.0,40.0,677.0,0.0,5.0,101.0,361.0,82.0,186.0,33.0,115.0,61.0,819.0,21.0,20.0,85.0,86.0,690.0,9815.0,294.0,38.0,348.0,268.0,118.0,150.0,7.0,623.0,535.0,158.0,77.0,13.0,2.0,47.0,,,388.0,500.0,12.0,850.0,66826.0,150.0,11.0,25.0,120.0,60.0,,,2101.0,,57.0,,28.0,,,,,7.0,,,213.0,,,233.0,1400.0,,,200.0,,5000.0,249.0,,,,,,,,,,,,,,,,,,,,,,,,,,,150.0,,,,,,,,,,,,,
"150,PHL",PHILIPPINES,85.0,8382.0,2415.0,1989.0,1113.0,1307.0,959.0,129.0,2984.0,39.0,1950.0,352.0,320.0,630.0,748.0,380.0,806.0,67.0,113.0,1725.0,418.0,671.0,250.0,6793.0,3351.0,521.0,842.0,1094.0,179.0,567.0,2679.0,158.0,596.0,1552.0,264.0,62.0,709.0,204.0,6405.0,39.0,297.0,363.0,1088.0,246.0,3816.0,11.0,353.0,307.0,18.0,392.0,636.0,1.0,197.0,,703.0,29.0,,89.0,129.0,544.0,13.0,,1014.0,1312.0,84.0,1000.0,27.0,,260.0,,,,,,73.0,,305.0,231.0,517.0,,85.0,,147.0,0.0,,,,,,,,,,,,,100.0,,,,,,0.0,1335.0,,,,,,240.0,,,,,
"151,POL",POLAND,17.0,29.0,198.0,26.0,219.0,307.0,84.0,19.0,0.0,193.0,0.0,,192.0,297.0,84.0,157.0,73.0,105.0,,,1.0,,35.0,,0.0,,,0.0,,,,0.0,0.0,,0.0,,,0.0,,,,,,,,,,,,,,,,,,,,,,,,,,,,,,,,,,,,,,,,,,,,,,,,,82.0,,,,,,,,,,,,,,,,,,,,,,,,,,,,
"152,PRT",PORTUGAL,0.0,10.0,,,46.0,0.0,2.0,,41.0,15.0,2.0,2710.0,1.0,6.0,4.0,,,29.0,10.0,,,,,0.0,,0.0,,,15.0,14.0,,19.0,,30.0,,23.0,,,,,,11.0,,,,,,462.0,,,,,,,,,,,,,,,,,,,,,,,,,,,,,,,,,,,,,,,,,,,,,,,,,,,,,,,,,,,,,,,,,,,
"153,PRI",PUERTO RICO,,,0.0,1.0,,,,1.0,,,2.0,2.0,,2.0,,1.0,0.0,,18.0,1.0,0.0,,18.0,,,0.0,,,,600.0,,,,26.0,,3.0,,,,26.0,,,,,60.0,,,,,,,,,,0.0,,,,,,,,,,,,,,,,,,,,,,,,,,,,225.0,,,,300.0,,,,,,,,,,116.0,,,,,,,,,,,,,,,,,,
"154,REU",REUNION,,,,,,,,2.0,,0.0,,,0.0,,2.0,,,,,,,14.0,,,,10.0,,10.0,,,0.0,,,,25.0,,,0.0,,,,,,,,,,,,,,,,,,,,,,,,,,,,,165.0,,,,,,,,,,,,,,,,,,,,,,,,,,,,,,,,,,,,,,,,,,,,,,,,
"155,ROU",ROMANIA,13.0,9.0,86.0,,78.0,65.0,5.0,80.0,145.0,95.0,49.0,3.0,19.0,17.0,29.0,34.0,111.0,32.0,16.0,2.0,2.0,3.0,,108.0,9.0,,,,,,0.0,0.0,,,,,,1641.0,,60.0,,,,,215.0,,,,,,,,,,,,,,,,,,,,,,,,,0.0,,,,,980.0,,,,,,0.0,,,,,,6.0,,1000.0,,,,,,,,,,0.0,,,0.0,0.0,,,,0.0,,,,,,,,
"156,RUS",RUSSIA,,4.0,415.0,1.0,55844.0,,13.0,2.0,116.0,31.0,36.0,3.0,631.0,798.0,284.0,208.0,94.0,38.0,23.0,2379.0,111.0,478.0,31.0,,,,,,,,,,,,,,,,,,,,,,,,,,,,,,,,,,,,,,,,,,,,,,,,,,,,,,,,,,,,,,,,,,,,,,,,,,47.0,,,,,,,,,,,,,,,,,,
"157,RWA",RWANDA,,,5.0,14.0,21.0,,36.0,30.0,59.0,,4.0,0.0,197.0,12.0,10.0,76.0,55.0,,10.0,,,,,32.0,,237.0,48.0,,,,0.0,,,,,,17.0,,0.0,,0.0,,,,,,,,,,,,,,,,,,,,,,,,,,,,,,,,,,,,,,,,,,,,,,,,,,,,,,,,,,,,,,,,,,,,,,,,,,
"158,WSM",SAMOA,,,12.0,,,143.0,,,,9.0,1.0,,,0.0,,,,,,,,,,13.0,8.0,0.0,,,,,,0.0,,,,,,,,,,,,,,,0.0,,10.0,,250.0,,,,,,,,,,,,,,,,,,,,,,,,,,,,,,,,,,,,,,,,,,,,,,,,,,,,,,,,,,,,,,,,
"159,STP",SAO TOME ET PRINCIPE,,,,,,,,,,,,,,,,,,,,,,,,,,31.0,,,150.0,,,0.0,,,,,,,,,,,,,,,,,,,,,,,,,,,,,,,,,,,,,,,,,,,,,,,,,,,,,,,,,,,,,,,,,,,,,,,,,,,,,,,,,,,
"160,SAU",SAUDI ARABIA,,39.0,19.0,11.0,24.0,161.0,,,,63.0,5.0,12.0,19.0,35.0,133.0,,,,,,,,,,,,,,,32.0,,,0.0,,,,,,,,,,,,,,,,,,20.0,,,,,,,,,,,,,,,,,,,,,,,,,,,,,,,,,,,,,,,,,,,,,,,,,,,,,,,,,,,,,,,,
"161,SEN",SENEGAL,,8.0,19.0,0.0,2.0,6.0,1.0,24.0,,303.0,8.0,8.0,46.0,,0.0,187.0,372.0,,,188.0,0.0,0.0,,,,,0.0,0.0,0.0,300.0,0.0,0.0,0.0,,,0.0,5.0,0.0,,,,,,,,0.0,,,0.0,60.0,,,,,,,,,,,,,,,,,,,,,,,,,0.0,,,,,,,,,,,,,,,,,,,,,,,,,,,,,,0.0,,,,,,,,,,
"162,SRB",SERBIA,0.0,0.0,25.0,,9.0,0.0,,0.0,,,,,,,,,,,,,,,,,,,,,,,,,,,,,,,,,,,,,,,,,,,,,,,,,,,,,,,,,,,,,,,,,,,,,,,,,,,,,,,,,,,,,,,,,,,,,,,,,,,,,,,,,,,
"163,SRB",SERBIA MONTENEGRO,,,,,,,,,3.0,2.0,,,1.0,0.0,3.0,11.0,,,,,,,1.0,,,,,,,,,,,,,,,,,,,,,,,,,,,,,,,,,,,,,,,,,,,,,,,,,,,,,,,,,,,,,,,,,,,,,,,,,,,,,,,,,,,,,,,,,,,,
"164,SYC",SEYCHELLES,0.0,0.0,,,,,,,0.0,,3.0,,0.0,,,,,5.0,,,,,,,,,,,,,,,,,,,,,,,,,,,,,,,,,,,,,,,,,,,,,,,,,,,,,,,,,,,,,,,,,,,,,,,,,,,,,,,,,,,,,,,,,,,,,,,,,
"165,SLE",SIERRA LEONE,1.0,0.0,300.0,21.0,16.0,103.0,170.0,0.0,,20.0,66.0,10.0,,12.0,38.0,146.0,55.0,51.0,238.0,,,,,,,,,,,352.0,60.0,,,,,,,,,1.0,,,,,,,,,,,,,,,,,,,,,,,,,,,,,,,,,,,,,,,,,,,,,,,,,,,,,,,,,,,,,,,,,,,,,,,,,,,
"166,SGP",SINGAPORE,,,,,,,,,,,,33.0,,,2.0,1.0,,,,,,,,,,,,,,,,,,,,,,,,,,,,,,,,,,,,,,,,,,,,,,,,,,,,,,,,,,,,,,,,,,,,,,,,,,,,,,,,,,,,,,,,,,,,,,,,,,,
"167,SVK",SLOVAKIA,,1.0,5.0,,126.0,,,1.0,1.0,1.0,3.0,0.0,0.0,1.0,6.0,2.0,54.0,0.0,,,,,,,,,,,,,,,,,,,,,,,,,,,,,,,,,,,,,,,,,,,,,,,,,,,,,,,,,,,,,,,,,,,,,,,,,,,,,,,,,,,,,,,,,,,,,,,,,
"168,SVN",SLOVENIA,1.0,,0.0,,,,,6.0,,0.0,1.0,289.0,,,,,0.0,,,,,,,,,,,,,,,,,,,,,,,,,,,,,,,,,,,,,,,,,,,,,,,,,,,,,,,,,,,,,,,,,,,,,,,,,,,,,,,,,,,,,,,,,,,,,,,,,,
"169,SLB",SOLOMON IS,22.0,13.0,0.0,0.0,2.0,21.0,0.0,52.0,,,,0.0,0.0,,,,0.0,0.0,,,,4.0,0.0,,,,1.0,,101.0,0.0,,,0.0,,,2.0,,34.0,,200.0,,,,0.0,,,1.0,12.0,3.0,,,,,,,,,,200.0,,,,,,,,,,,,,,,,,12.0,,,,,,,,50.0,,,,,,,,,,,,,,,,,,,,,,,,,,,,,,,
"170,SOM",SOMALIA,,169.0,31.0,0.0,11.0,0.0,13.0,1158.0,246.0,27.0,298.0,1.0,93.0,33.0,709.0,15.0,481.0,2811.0,250.0,20.0,230.0,,,,,34.0,0.0,600.0,1307.0,1262.0,,0.0,,5.0,0.0,,,0.0,,,19000.0,,,,,0.0,,,,0.0,50.0,,,200.0,,,,,,,,,,,,,,,,,,,,,,,,,,,,,,,,,,,,,,,,,,,,,,,,,,,,,,,,,,,,,
"171,ZAF",SOUTH AFRICA,32.0,3.0,13.0,46.0,40.0,33.0,115.0,48.0,12.0,2.0,5.0,2.0,126.0,50.0,275.0,57.0,43.0,15.0,98.0,207.0,2.0,19.0,,5.0,12.0,,33.0,515.0,0.0,,64.0,10.0,17.0,104.0,0.0,,26.0,4.0,,,26.0,,,,,9.0,0.0,,,,0.0,,,,,51.0,,,,,,,35.0,,,,,,,,,,,,,,,,,,,,,,,,,,,,,,,,0.0,,,,,,,,,,,,,,,,,,,,
"172,SSD",SOUTH SUDAN,,99.0,47.0,,,,,,,,,,,,,,,,,,,,,,,,,,,,,,,,,,,,,,,,,,,,,,,,,,,,,,,,,,,,,,,,,,,,,,,,,,,,,,,,,,,,,,,,,,,,,,,,,,,,,,,,,,,,,,,,
"173,ESP",SPAIN,3.0,0.0,14.0,11.0,5.0,20.0,,6.0,25.0,20.0,29.0,15095.0,6.0,12.0,38.0,6.0,0.0,26.0,85.0,30.0,42.0,,,0.0,9.0,45.0,,5.0,,40.0,26.0,45.0,77.0,0.0,0.0,20.0,2.0,,,,,519.0,0.0,400.0,,,,,,,,,445.0,,,,,77.0,11.0,,,50.0,,,,,,,,,,,,,,,,,,,,,,,,,,,,,,,,,,,,,,,,,,,,,,,,,,,,,
"174,LKA",SRI LANKA,,117.0,53.0,254.0,35.0,349.0,57.0,33.0,25.0,6.0,35493.0,235.0,2.0,0.0,12.0,7.0,3.0,46.0,0.0,3.0,0.0,73.0,15.0,27.0,33.0,325.0,0.0,53.0,43.0,0.0,51.0,3.0,54.0,7.0,0.0,0.0,750.0,27.0,,,27.0,,,,,62.0,,26.0,23.0,,206.0,,,,,,,200.0,,,,,,,,,,,,,,,,,,,,,,,,,,,,,,,,,,,,,,,,,,,,,,,,,,,,,,,,,
"175,SHN",ST HELENA,,,,,,,,,,,,,,0.0,,,,,,,,,,,,,,,,,,,,,,,,,,,,,,,,,,,,,,,,,,,,,,,,,,,,,,,,,,,,,,,,,,,,,,,,,,,,,,,,,,,,,,,,,,,,,,,,,,,,,
"176,KNA",ST KITTS AND NEVIS,,,,,,,,,,,,,,,,0.0,5.0,,,0.0,,,,,0.0,1.0,,0.0,,,0.0,,,,,,,,,,,,,,,,,,,,,,,,,,,,,0.0,,,,,,,,,,,,,,,,,,,,,,,,,,,0.0,,,,,,,,,,,,,,,,,,,,,,,,,,,,
"177,LCA",ST LUCIA,,6.0,,,10.0,,,1.0,,,0.0,,,,,0.0,,,0.0,,4.0,,,,,,45.0,0.0,0.0,,,0.0,,,27.0,,,,,,,,,,,,,0.0,,,,10.0,,,0.0,,,,,,,,,,,,,,,,,,,,,,,,,,,,,,,,,,,,,,,,,,,,,,,,,,,,,,,,,,,,
"178,VCT",ST VINCENT AND THE GRENADINES,,13.0,,0.0,0.0,,,,,0.0,0.0,,4.0,,,0.0,,,,,,,3.0,,,,,0.0,0.0,,,,,,0.0,2.0,,0.0,,,,,,0.0,,,,2.0,,,,,,,,,,,,122.0,,,,,,,,,,,,,,,,,,,,,,,,,,,,,,,,,,,,,,,,,,,,,,,,,,,,,1565.0,,
"179,SDN",SUDAN,,76.0,206.0,20.0,36.0,20.0,32.0,734.0,1169.0,655.0,98.0,47.0,82.0,3.0,186.0,395.0,3269.0,8.0,852.0,,8.0,24.0,,12.0,0.0,,2866.0,60.0,0.0,,,150000.0,,,0.0,,34.0,,150.0,0.0,,,,,,,,,0.0,0.0,,,,,,,,,,,,,,,0.0,,,,,,,,,,1500.0,,,,,,,,,,,,,,,,,,,,,,,,,,,,,,,,,,,,,,,,
"180,SUR",SURINAME,,,,,,,2.0,,3.0,,,,,,,,,,,,,,,,,,,,,,,,,,,,,,,,,,,,,0.0,,,,,,,,,,,,,,,,,,,,,,,,,,,,,,,,,,,,,,,,,,,,,,,,,,,,,,,,,,,,,,,,,,,,,
"181,SWZ",SWAZILAND,,,,,,,0.0,2.0,1.0,0.0,,,,0.0,32.0,,,,80.0,,,,30.0,,0.0,,,,,,53.0,500.0,,,,,,,,,,,,,,,,,,,,,,,,,,,,,,,,,,,,,,,,,,,,,,,,,,,,,,,,,,,,,,,,,,,,,,,,,,,,,,,,,,,
"182,SWE",SWEDEN,,7.0,,,,,,,,7.0,,0.0,1.0,,,3.0,,,,,,,,,0.0,,,,,11.0,,,,,,,,13.0,0.0,,,,,,,,,,,,,,,,,,,,,,,,,,,,,,,,,,,,,,,,,,,,,,,,,,,,,,,,,,,,,,,,,,,,,,,,,,,,
"183,CHE",SWITZERLAND,,0.0,11.0,0.0,0.0,0.0,,1.0,1.0,6.0,,1039.0,5.0,0.0,16.0,45.0,0.0,0.0,,,0.0,2.0,,,5.0,,0.0,1.0,0.0,0.0,0.0,0.0,0.0,,,,,0.0,0.0,13.0,,,,,30.0,,20.0,,,90.0,,,,,,,,,,,,,,92.0,,,,,,,,,,,,,,,,,,,,,,,,,,,,,,,,,,,,,,,,,,,,,,,,,,,
"184,SYR",SYRIAN ARAB REP,,,,,,,0.0,,6.0,,5.0,,80.0,27.0,,0.0,,,,,,,,,,,,,,,,,,,,,,88.0,,,0.0,,,,,,,0.0,,,,,,,,,,,,,,,,,,,,,,,,,,,,,,,,,,,,,,,,,,,,,,,,,,,,,,,,,,,,,,,,,,,
"185,CHN",TAIWAN (CHINA),,10.0,20.0,,34.0,630.0,54.0,18.0,8.0,33.0,79.0,40.0,12.0,195.0,103.0,2265.0,70.0,54.0,65.0,,45.0,,8.0,33.0,5.0,13.0,,61.0,92.0,,31.0,82.0,,26.0,,,,106.0,,,,,,,,269.0,,69.0,36.0,55.0,107.0,,107.0,106.0,199.0,1046.0,31.0,,,,,67.0,,100.0,,,,,,,,,,,,,,,,6110.0,,,,,,,,,,,1000.0,,,,,,,,,,,,,1000.0,,,,,7300.0,,,,,,
"186,TJK",TAJIKISTAN,15.0,0.0,3.0,0.0,96.0,21.0,0.0,49.0,25.0,24.0,0.0,7.0,35.0,1.0,0.0,30.0,62.0,208.0,0.0,0.0,0.0,5.0,1601.0,,0.0,,,,,,,,,,,,,,,,,,,,,,,,,,,,,,,,,,,,,,,,,,,,,,,,,,,,,,,,,,,,,,,,,,,,,,,,,,,,,,,,,,,,,,,,,,
"187,TZA",TANZANIA UNI REP,29.0,,10.0,37.0,,50.0,73.0,119.0,70.0,9.0,10.0,0.0,20.0,43.0,74.0,56.0,2522.0,2412.0,0.0,3.0,35.0,54.0,,574.0,389.0,10.0,0.0,90.0,0.0,10.0,0.0,163.0,0.0,,12.0,0.0,0.0,500.0,,,25.0,,,,,,40.0,0.0,,,4.0,,,,,,,,,,,,,,,,,,,,,,,,,,,,,,,,,,,,,,,,,,,,,,,,,,,0.0,,,0.0,,0.0,,,,,,,0.0,
"188,THA",THAILAND,63.0,84.0,0.0,923.0,260.0,15.0,39.0,53.0,280.0,86.0,8389.0,18.0,190.0,222.0,198.0,22.0,,212.0,100.0,258.0,130.0,45.0,6.0,55.0,36.0,458.0,664.0,24.0,42.0,18.0,17.0,50.0,,55.0,57.0,,146.0,100.0,,239.0,,,,,,,,,6.0,,,,769.0,,,,,,,500.0,,,,,,,,,,,,,,,,,,,,,,,,,,,,,,,,,,,,,,,,,,,,,,,,,,,,,,,
"189,TLS",TIMOR-LESTE,2.0,,,,,,,1.0,0.0,22.0,,3.0,,1.0,,,,,,,,,,,,,,,,,,,,,,,,,,,,,,,,,,,,,,,,,,,,,,,,,,,,,,,,,,,,,,,,,,,,,,,,,,,,,,,,,,,,,,,,,,,,,,,,,,,,,
"190,TGO",TOGO,,7.0,,,82.0,0.0,12.0,41.0,0.0,,,40.0,95.0,235.0,,0.0,239.0,,360.0,3.0,0.0,,,,,0.0,50.0,,,,,0.0,,,,,,,,,,,,0.0,,,,,0.0,,,,,,,,,,,,,,,,,,,,,,,,,,,,,,,,,,,,,,,,,,,,,,,,,,,,,,,,,,,,,,,,,,
"191,TKL",TOKELAU,,,,,,,,,,0.0,,,,,,,,,,,,,,,0.0,,,0.0,,,,,,,,,,,,,,,,,,,,,0.0,,,,,,,,,,,,,,,,,,,,,,,,,,,,,,,,,,,,,,,,,0.0,,,,,,,,,,,0.0,,,,,,,,,,,,,,
"192,TON",TONGA,1.0,,,0.0,,9.0,,,,,0.0,,,0.0,,,0.0,0.0,,,,,,,1.0,,,,,,,,7.0,,,,,1.0,,,,3.0,,,,,,,,,,,,2.0,,,,,,,,,,,,,,,0.0,,,,,,,,,,,,,,,,,,,,,,,,,,,,,,,,,,,,,,,,,,,,,,
"193,TTO",TRINIDAD AND TOBAGO,,,,,0.0,,,,,0.0,3.0,,,,,,,0.0,0.0,,,5.0,,,0.0,,,,,,,,,,,,,,,,2.0,,,,,,,,,,,24.0,,,,,,,,,,,,,,,,,,,,,,,,,,,,,,13.0,,,,,,,,,,,,,,,,,,,,,,,,,,,,,,,,,
"194,TUN",TUNISIA,,,,,,17.0,,16.0,,,,12.0,,,,,,,,,,,,,37.0,,0.0,,23.0,,,,117.0,,,0.0,,0.0,,,,111.0,,,,540.0,,,,,49.0,,40.0,,,,,13.0,,,,,,,,,,,,,,,,,,,,,,,,,,,,,,,,,,,,,,,,,,,,,,,,,,,,,,,,,
"195,TUR",TURKEY,,7.0,13.0,655.0,64.0,62.0,2.0,19.0,83.0,41.0,85.0,186.0,90.0,50.0,16.0,17982.0,239.0,,0.0,231.0,30.0,135.0,914.0,43.0,69.0,,77.0,41.0,15.0,13.0,6.0,1346.0,,10.0,115.0,,0.0,30.0,3913.0,2385.0,33.0,,30.0,935.0,1086.0,41.0,274.0,183.0,2408.0,461.0,42.0,,97.0,,,,,175.0,138.0,,,1200.0,80.0,54.0,,437.0,592.0,,839.0,,3986.0,2824.0,7000.0,,37.0,33065.0,149.0,,,,,,,,,,50.0,,,,,,,,,,,,,,,,923.0,,,,,,,,,6000.0,,,
"196,TKM",TURKMENISTAN,,,,,,,,,,,,,,,11.0,,,,,,,0.0,,,,,,,,,,,,,,,,,,,,,,,,,,,,,,,,,,,,,,,,,,,,,,,,,,,,,,,,,,,,,,,,,,,,,,,,,,,,,,,,,,,,,,,,,,,,,
"197,TCA",TURKS AND CAICOS IS,,,,,,,4.0,,,,0.0,,,,,,,,,,,,,,0.0,,,,,0.0,,,,,,,,,,,,,,,,,,,,,,,,,,,,,,,,,,,,,,,,,,,,,,,,,,,,,,,,,,,,,,,,,,,,,,,,,,,,,,,,,,,,,
"198,TUV",TUVALU,,,,0.0,,,,,,,,,,,,,,,,,,0.0,,,0.0,,,0.0,,,0.0,,,,,,,,,,,,6.0,,,,,,,,,,,,,,,,,,,,,,,,,,,,,,,,,,,,,,,,,,,,,,,,,,,,,,,,,,,,,,,,,,,,,,,,
"199,UGA",UGANDA,,41.0,174.0,50.0,436.0,17.0,77.0,165.0,206.0,21.0,3.0,60.0,96.0,26.0,259.0,252.0,30.0,120.0,20.0,,7.0,,50.0,100.0,197.0,156.0,0.0,0.0,27.0,,,,3.0,,,0.0,,,,,,,,,,,,0.0,104.0,,,,,,,,,,,,,,,,,,,,,,,,,,,,,,,2000.0,,,,,,,,,,,,,,,,,,,,,,,,,,,,,,,,,,200000.0,
"200,UKR",UKRAINE,,2.0,195.0,,6.0,32.0,38.0,0.0,803.0,0.0,,0.0,,9.0,10.0,,18.0,11.0,0.0,204.0,71.0,9.0,0.0,,,,,,,,,,,,,,,,,,,,,,,,,,,,,,,,,,,,,,,,,,,,,,,,,,,,,,,,,,,,,,,,,,,,,,,,,,,,,,,,,,,,,,,,,,,,
"201,GBR",UNITED KINGDOM,5.0,772.0,8.0,,0.0,8.0,8.0,27.0,,11.0,0.0,301.0,15.0,11.0,16.0,11.0,40.0,15.0,5.0,9.0,7.0,4.0,,48.0,83.0,13.0,,20.0,0.0,34.0,48.0,5.0,,12.0,,,,6.0,0.0,,,,0.0,,,,20.0,,140.0,,,,,,,,,,,,,,4034.0,,,,,,,,,,,,,,,,,,,,,,,,,,,,,,,,,,,,,,,,,,,,,,,,,,,,
"202,USA",UNITED STATES,169.0,212.0,318.0,809.0,138.0,145.0,303.0,333.0,326.0,1973.0,219.0,210.0,443.0,153.0,162.0,485.0,366.0,252.0,360.0,879.0,275.0,542.0,96.0,132.0,214.0,259.0,27.0,239.0,62.0,375.0,1145.0,332.0,514.0,60.0,1398.0,186.0,242.0,231.0,139.0,102.0,352.0,128.0,903.0,223.0,37.0,830.0,159.0,275.0,552.0,577.0,423.0,379.0,158.0,146.0,111.0,99.0,139.0,469.0,243.0,546.0,223.0,468.0,295.0,110.0,305.0,95.0,97.0,308.0,198.0,196.0,511.0,0.0,,,59.0,,800.0,137.0,1848.0,408.0,,156.0,372.0,,,,1836.0,333.0,268.0,752.0,,,,,224.0,500.0,1150.0,,,531.0,,732.0,,,30.0,463.0,,,2298.0,,,348.0,,,6000.0
"203,URY",URUGUAY,,,,,4.0,12.0,,2.0,,7.0,0.0,0.0,2.0,0.0,7.0,1.0,1.0,1.0,,,,0.0,0.0,0.0,,,,,0.0,,,,,,,,,,,,,,,,,,,8.0,,,,,,,,,,,,,,,,,,,,,,,,,,,,,,,,,,,,,,,,,,,,,,,,,,,,,,,,,,,,,,,,,,,
"204,UZB",UZBEKISTAN,,,,13.0,,,,,,0.0,,,,,0.0,24.0,40.0,,,,,,10.0,,,,,,,,,,,,,,,,,,,,,,,,,,,,,,,,,,,,,,,,,,,,,,,,,,,,,,,,,,,,,,,,,,,,,,,,,,,,,,,,,,,,,,,,,,,,
"205,VUT",VANUATU,12.0,,,0.0,,0.0,0.0,,0.0,0.0,2.0,,0.0,2.0,,44.0,0.0,100.0,,,0.0,4.0,2.0,,0.0,,1.0,48.0,,9.0,,,,0.0,,0.0,,0.0,,0.0,,,4.0,,,,,,,,,,,,,0.0,,,,,,,,100.0,,,,,,,,,,,0.0,,,,,,,,,,,,,,,,,,,,,,,,,,,,,,,,,,,,,,,,
"206,VEN",VENEZUELA,,,0.0,17.0,49.0,0.0,8.0,,0.0,97.0,40.0,1.0,4.0,,15.0,30005.0,,83.0,0.0,0.0,44.0,100.0,32.0,18.0,74.0,37.0,77.0,136.0,3.0,38.0,,,,35.0,0.0,,,,,,,,,1.0,,,,240.0,,,,,30.0,,,,,,,,,,,,100.0,,,,,,,,,,,,,,,,,,,,,,,,,,,,,,,,,,,,,,,,,,,,,,,,,,
"207,VNM",VIET NAM,,200.0,72.0,138.0,221.0,356.0,411.0,353.0,579.0,324.0,231.0,148.0,147.0,392.0,592.0,799.0,647.0,3692.0,1056.0,269.0,361.0,270.0,287.0,492.0,384.0,959.0,157.0,123.0,600.0,891.0,188.0,734.0,70.0,,402.0,,74.0,0.0,,,,100.0,,112.0,237.0,,,,31.0,,7998.0,,,,,,,,56.0,,,1000.0,,,,,,,,,,,,,,,,,,,,,,,,,,,,,,,,,,,,,,,,,,,,,,,,,,,,,
"208,VGB",VIRGIN IS (UK),,,,,,,,,,,,,,,,,,,0.0,0.0,,,,,,,,,,,,,,,,,,,,,,,,,,,,,,,,,,,,,,,,,,,,,,,,,,,,,,,,,,,,,,,,,,,,,,,,,,,,,,,,,,,,,,,,,,,,,,,
"209,VIR",VIRGIN IS (US),,,,,,,,,,,0.0,,,,,3.0,0.0,,,7.0,,,,,,0.0,,,,,,,,,,,,,,,,,,,,,,,,,,,,,,,,,,,,,,,,,,,,,,,,,,,,,,,,,,,,,,,,,,,,,,,,,,,,,,,,,,,,,,,,,
"210,WLF",WALLIS AND FUTUNA IS,,,0.0,,,,,,,,,,,,,,,,,,,,,,,,,,1.0,,,,,,,,,,,,,,,,,,,,0.0,0.0,,,,,,,,,,,,,,,,,,,,,,,,,,,,,,,,,,,,,,,,,,,,,,,,,,,,,,,,,,,,,,,,,
"211,YEM",YEMEN,,40.0,,,22.0,11.0,90.0,99.0,30.0,87.0,,15.0,53.0,63.0,32.0,0.0,70.0,,345.0,,,31.0,,10.0,,,,,,,,,,,,,,,,,,,,,,,,,,,,,,,,,,,,,,,,,,,,,,,,,,,,,,,,,,,,,,,,,,,,,,,,,,,,,,,,,,,,,,,,,,,
"212,ZMB",ZAMBIA,,0.0,2.0,0.0,9.0,118.0,177.0,19.0,5.0,21.0,2.0,183.0,,16.0,163.0,462.0,0.0,,,0.0,,,0.0,0.0,85.0,0.0,,,0.0,,,0.0,51.0,,,0.0,11.0,,,,,,,,,,,,,,,,,,,,,,,,,,,,,,,,,,,,,,,,,,,,,,,,,,,,,,,,,,,,,,,,,,,,,,,,,,,,,,
"213,ZWE",ZIMBABWE,3.0,125.0,,45.0,8.0,55.0,4276.0,94.0,,87.0,,50.0,4.0,13.0,182.0,52.0,58.0,,1311.0,,,,258.0,0.0,,,,,,,,,0.0,,,,,,,11.0,,,,,,,,,,,,,,,,,,,,,,,,,,,,,,,,,,,,,,,,,,,,,,,,,,,,,,,,,,,,,,,,,,,,,,,,,,,
